datetime,meter_id,meter_reading,watts,kwh 
4/30/2024 12:15:00 AM,179101524,29737.42,118949680.0,29737.42
4/30/2024 12:30:00 AM,179101524,29905.67,119622680.0,29905.67
4/30/2024 12:45:00 AM,179101524,30078.67,120314680.0,30078.67
4/30/2024 1:00:00 AM,179101524,29619.59,118478360.0,29619.59
4/30/2024 1:15:00 AM,179101524,29877.85,119511400.0,29877.85
4/30/2024 1:30:00 AM,179101524,29920.65,119682600.0,29920.65
4/30/2024 1:45:00 AM,179101524,29666.95,118667800.0,29666.95
4/30/2024 2:00:00 AM,179101524,30133.48,120533920.0,30133.48
4/30/2024 2:15:00 AM,179101524,30361.59,121446360.0,30361.59
4/30/2024 2:30:00 AM,179101524,30338.31,121353240.0,30338.31
4/30/2024 2:45:00 AM,179101524,30731.18,122924720.0,30731.18
4/30/2024 3:00:00 AM,179101524,30518.71,122074840.0,30518.71
4/30/2024 3:15:00 AM,179101524,31252.29,125009160.0,31252.29
4/30/2024 3:30:00 AM,179101524,30448.02,121792080.0,30448.02
4/30/2024 3:45:00 AM,179101524,30471.83,121887320.0,30471.83
4/30/2024 4:00:00 AM,179101524,30127.11,120508440.0,30127.11
4/30/2024 4:15:00 AM,179101524,29637.2,118548800.0,29637.2
4/30/2024 4:30:00 AM,179101524,29421.92,117687680.0,29421.92
4/30/2024 4:45:00 AM,179101524,29560.36,118241440.0,29560.36
4/30/2024 5:00:00 AM,179101524,32142.07,128568280.0,32142.07
4/30/2024 5:15:00 AM,179101524,34695.91,138783640.0,34695.91
4/30/2024 5:30:00 AM,179101524,36477.68,145910720.0,36477.68
4/30/2024 5:45:00 AM,179101524,36432.48,145729920.0,36432.48
4/30/2024 6:00:00 AM,179101524,36149.51,144598040.0,36149.51
4/30/2024 6:15:00 AM,179101524,35750.6,143002400.0,35750.6
4/30/2024 6:30:00 AM,179101524,41141.61,164566440.0,41141.61
4/30/2024 6:45:00 AM,179101524,41618.7,166474800.0,41618.7
4/30/2024 7:00:00 AM,179101524,40814.7,163258800.0,40814.7
4/30/2024 7:15:00 AM,179101524,40271.29,161085160.0,40271.29
4/30/2024 7:30:00 AM,179101524,40860.94,163443760.0,40860.94
4/30/2024 7:45:00 AM,179101524,41917.32,167669280.0,41917.32
4/30/2024 8:00:00 AM,179101524,44173.99,176695960.0,44173.99
4/30/2024 8:15:00 AM,179101524,43516.09,174064360.0,43516.09
4/30/2024 8:30:00 AM,179101524,43072.29,172289160.0,43072.29
4/30/2024 8:45:00 AM,179101524,42823.71,171294840.0,42823.71
4/30/2024 9:00:00 AM,179101524,43028.59,172114360.0,43028.59
4/30/2024 9:15:00 AM,179101524,43006.73,172026920.0,43006.73
4/30/2024 9:30:00 AM,179101524,47826.09,191304360.0,47826.09
4/30/2024 9:45:00 AM,179101524,44467.62,177870480.0,44467.62
4/30/2024 10:00:00 AM,179101524,45958.9,183835600.0,45958.9
4/30/2024 10:15:00 AM,179101524,45505.31,182021240.0,45505.31
4/30/2024 10:30:00 AM,179101524,45574.8,182299200.0,45574.8
4/30/2024 10:45:00 AM,179101524,45850.46,183401840.0,45850.46
4/30/2024 11:00:00 AM,179101524,45274.25,181097000.0,45274.25
4/30/2024 11:15:00 AM,179101524,45672.93,182691720.0,45672.93
4/30/2024 11:30:00 AM,179101524,45675.74,182702960.0,45675.74
4/30/2024 11:45:00 AM,179101524,46171.46,184685840.0,46171.46
4/30/2024 12:00:00 PM,179101524,47235.01,188940040.0,47235.01
4/30/2024 12:15:00 AM,179101928,23513.21,94052840.0,23513.21
4/30/2024 12:30:00 AM,179101928,23044.94,92179760.0,23044.94
4/30/2024 12:45:00 AM,179101928,22190.35,88761400.0,22190.35
4/30/2024 1:00:00 AM,179101928,8893.29,35573160.0,8893.29
4/30/2024 1:15:00 AM,179101928,8985.09,35940360.0,8985.09
4/30/2024 1:30:00 AM,179101928,8946.35,35785400.0,8946.35
4/30/2024 1:45:00 AM,179101928,22409.14,89636560.0,22409.14
4/30/2024 2:00:00 AM,179101928,22349.09,89396360.0,22349.09
4/30/2024 2:15:00 AM,179101928,22662.79,90651160.0,22662.79
4/30/2024 2:30:00 AM,179101928,8937.87,35751480.0,8937.87
4/30/2024 2:45:00 AM,179101928,8958.1,35832400.0,8958.1
4/30/2024 3:00:00 AM,179101928,8878.34,35513360.0,8878.34
4/30/2024 3:15:00 AM,179101928,8985.59,35942360.0,8985.59
4/30/2024 3:30:00 AM,179101928,22190.31,88761240.0,22190.31
4/30/2024 3:45:00 AM,179101928,22236.79,88947160.0,22236.79
4/30/2024 4:00:00 AM,179101928,9375.57,37502280.0,9375.57
4/30/2024 4:15:00 AM,179101928,9311.86,37247440.0,9311.86
4/30/2024 4:30:00 AM,179101928,9597.89,38391560.0,9597.89
4/30/2024 4:45:00 AM,179101928,9558.0,38232000.0,9558.0
4/30/2024 5:00:00 AM,179101928,22347.83,89391320.0,22347.83
4/30/2024 5:15:00 AM,179101928,22133.51,88534040.0,22133.51
4/30/2024 5:30:00 AM,179101928,9439.26,37757040.0,9439.26
4/30/2024 5:45:00 AM,179101928,9080.8,36323200.0,9080.8
4/30/2024 6:00:00 AM,179101928,20152.51,80610040.0,20152.51
4/30/2024 6:15:00 AM,179101928,21060.24,84240960.0,21060.24
4/30/2024 6:30:00 AM,179101928,8105.05,32420200.0,8105.05
4/30/2024 6:45:00 AM,179101928,8302.9,33211600.0,8302.9
4/30/2024 7:00:00 AM,179101928,8380.61,33522440.000000004,8380.61
4/30/2024 7:15:00 AM,179101928,9555.29,38221160.0,9555.29
4/30/2024 7:30:00 AM,179101928,20842.05,83368200.0,20842.05
4/30/2024 7:45:00 AM,179101928,21643.32,86573280.0,21643.32
4/30/2024 8:00:00 AM,179101928,8883.63,35534520.0,8883.63
4/30/2024 8:15:00 AM,179101928,9741.83,38967320.0,9741.83
4/30/2024 8:30:00 AM,179101928,8867.43,35469720.0,8867.43
4/30/2024 8:45:00 AM,179101928,9230.48,36921920.0,9230.48
4/30/2024 9:00:00 AM,179101928,22269.11,89076440.0,22269.11
4/30/2024 9:15:00 AM,179101928,21949.06,87796240.0,21949.06
4/30/2024 9:30:00 AM,179101928,23853.41,95413640.0,23853.41
4/30/2024 9:45:00 AM,179101928,23625.04,94500160.0,23625.04
4/30/2024 10:00:00 AM,179101928,29439.07,117756280.0,29439.07
4/30/2024 10:15:00 AM,179101928,14044.75,56179000.0,14044.75
4/30/2024 10:30:00 AM,179101928,29161.36,116645440.0,29161.36
4/30/2024 10:45:00 AM,179101928,29414.13,117656520.0,29414.13
4/30/2024 11:00:00 AM,179101928,29477.88,117911520.0,29477.88
4/30/2024 11:15:00 AM,179101928,29210.21,116840840.0,29210.21
4/30/2024 11:30:00 AM,179101928,27829.75,111319000.0,27829.75
4/30/2024 11:45:00 AM,179101928,13943.91,55775640.0,13943.91
4/30/2024 12:00:00 PM,179101928,26511.73,106046920.0,26511.73
4/30/2024 12:15:00 AM,179102121,,,
4/30/2024 12:30:00 AM,179102121,,,
4/30/2024 12:45:00 AM,179102121,,,
4/30/2024 1:00:00 AM,179102121,,,
4/30/2024 1:15:00 AM,179102121,,,
4/30/2024 1:30:00 AM,179102121,,,
4/30/2024 1:45:00 AM,179102121,,,
4/30/2024 2:00:00 AM,179102121,,,
4/30/2024 2:15:00 AM,179102121,,,
4/30/2024 2:30:00 AM,179102121,,,
4/30/2024 2:45:00 AM,179102121,,,
4/30/2024 3:00:00 AM,179102121,,,
4/30/2024 3:15:00 AM,179102121,,,
4/30/2024 3:30:00 AM,179102121,,,
4/30/2024 3:45:00 AM,179102121,,,
4/30/2024 4:00:00 AM,179102121,,,
4/30/2024 4:15:00 AM,179102121,,,
4/30/2024 4:30:00 AM,179102121,,,
4/30/2024 4:45:00 AM,179102121,,,
4/30/2024 5:00:00 AM,179102121,,,
4/30/2024 5:15:00 AM,179102121,,,
4/30/2024 5:30:00 AM,179102121,,,
4/30/2024 5:45:00 AM,179102121,,,
4/30/2024 6:00:00 AM,179102121,,,
4/30/2024 6:15:00 AM,179102121,,,
4/30/2024 6:30:00 AM,179102121,,,
4/30/2024 6:45:00 AM,179102121,,,
4/30/2024 7:00:00 AM,179102121,,,
4/30/2024 7:15:00 AM,179102121,,,
4/30/2024 7:30:00 AM,179102121,,,
4/30/2024 7:45:00 AM,179102121,,,
4/30/2024 8:00:00 AM,179102121,,,
4/30/2024 8:15:00 AM,179102121,,,
4/30/2024 8:30:00 AM,179102121,,,
4/30/2024 8:45:00 AM,179102121,,,
4/30/2024 9:00:00 AM,179102121,,,
4/30/2024 9:15:00 AM,179102121,,,
4/30/2024 9:30:00 AM,179102121,,,
4/30/2024 9:45:00 AM,179102121,,,
4/30/2024 10:00:00 AM,179102121,,,
4/30/2024 10:15:00 AM,179102121,,,
4/30/2024 10:30:00 AM,179102121,,,
4/30/2024 10:45:00 AM,179102121,,,
4/30/2024 11:00:00 AM,179102121,,,
4/30/2024 11:15:00 AM,179102121,,,
4/30/2024 11:30:00 AM,179102121,,,
4/30/2024 11:45:00 AM,179102121,,,
4/30/2024 12:00:00 PM,179102121,,,
4/30/2024 12:15:00 AM,179102424,18464.04,73856160.0,18464.04
4/30/2024 12:30:00 AM,179102424,17559.95,70239800.0,17559.95
4/30/2024 12:45:00 AM,179102424,17692.54,70770160.0,17692.54
4/30/2024 1:00:00 AM,179102424,17555.6,70222400.0,17555.6
4/30/2024 1:15:00 AM,179102424,17917.8,71671200.0,17917.8
4/30/2024 1:30:00 AM,179102424,17610.21,70440840.0,17610.21
4/30/2024 1:45:00 AM,179102424,18342.3,73369200.0,18342.3
4/30/2024 2:00:00 AM,179102424,18033.72,72134880.0,18033.72
4/30/2024 2:15:00 AM,179102424,18053.07,72212280.0,18053.07
4/30/2024 2:30:00 AM,179102424,17931.3,71725200.0,17931.3
4/30/2024 2:45:00 AM,179102424,17606.94,70427760.0,17606.94
4/30/2024 3:00:00 AM,179102424,18095.34,72381360.0,18095.34
4/30/2024 3:15:00 AM,179102424,17553.96,70215840.0,17553.96
4/30/2024 3:30:00 AM,179102424,17627.38,70509520.0,17627.38
4/30/2024 3:45:00 AM,179102424,17418.67,69674680.0,17418.67
4/30/2024 4:00:00 AM,179102424,17474.22,69896880.0,17474.22
4/30/2024 4:15:00 AM,179102424,17645.04,70580160.0,17645.04
4/30/2024 4:30:00 AM,179102424,17734.41,70937640.0,17734.41
4/30/2024 4:45:00 AM,179102424,17592.76,70371040.0,17592.76
4/30/2024 5:00:00 AM,179102424,17839.09,71356360.0,17839.09
4/30/2024 5:15:00 AM,179102424,17416.98,69667920.0,17416.98
4/30/2024 5:30:00 AM,179102424,17629.14,70516560.0,17629.14
4/30/2024 5:45:00 AM,179102424,18819.99,75279960.0,18819.99
4/30/2024 6:00:00 AM,179102424,19374.23,77496920.0,19374.23
4/30/2024 6:15:00 AM,179102424,57306.93,229227720.0,57306.93
4/30/2024 6:30:00 AM,179102424,37771.3,151085200.0,37771.3
4/30/2024 6:45:00 AM,179102424,40488.83,161955320.0,40488.83
4/30/2024 7:00:00 AM,179102424,40863.52,163454080.0,40863.52
4/30/2024 7:15:00 AM,179102424,40930.59,163722360.0,40930.59
4/30/2024 7:30:00 AM,179102424,41991.05,167964200.0,41991.05
4/30/2024 7:45:00 AM,179102424,41703.44,166813760.0,41703.44
4/30/2024 8:00:00 AM,179102424,43783.65,175134600.0,43783.65
4/30/2024 8:15:00 AM,179102424,73261.34,293045360.0,73261.34
4/30/2024 8:30:00 AM,179102424,44894.57,179578280.0,44894.57
4/30/2024 8:45:00 AM,179102424,46501.06,186004240.0,46501.06
4/30/2024 9:00:00 AM,179102424,49920.42,199681680.0,49920.42
4/30/2024 9:15:00 AM,179102424,49529.34,198117360.0,49529.34
4/30/2024 9:30:00 AM,179102424,52421.79,209687160.0,52421.79
4/30/2024 9:45:00 AM,179102424,50248.88,200995520.0,50248.88
4/30/2024 10:00:00 AM,179102424,51419.6,205678400.0,51419.6
4/30/2024 10:15:00 AM,179102424,49596.87,198387480.0,49596.87
4/30/2024 10:30:00 AM,179102424,48967.19,195868760.0,48967.19
4/30/2024 10:45:00 AM,179102424,49815.17,199260680.0,49815.17
4/30/2024 11:00:00 AM,179102424,49226.28,196905120.0,49226.28
4/30/2024 11:15:00 AM,179102424,49578.11,198312440.0,49578.11
4/30/2024 11:30:00 AM,179102424,48842.98,195371920.0,48842.98
4/30/2024 11:45:00 AM,179102424,48854.29,195417160.0,48854.29
4/30/2024 12:00:00 PM,179102424,52276.36,209105440.0,52276.36
4/30/2024 12:15:00 AM,179102626,78872.7,315490800.0,78872.7
4/30/2024 12:30:00 AM,179102626,80964.64,323858560.0,80964.64
4/30/2024 12:45:00 AM,179102626,77985.24,311940960.0,77985.24
4/30/2024 1:00:00 AM,179102626,78992.65,315970600.0,78992.65
4/30/2024 1:15:00 AM,179102626,80264.53,321058120.0,80264.53
4/30/2024 1:30:00 AM,179102626,78239.88,312959520.0,78239.88
4/30/2024 1:45:00 AM,179102626,77295.62,309182480.0,77295.62
4/30/2024 2:00:00 AM,179102626,68127.41,272509640.0,68127.41
4/30/2024 2:15:00 AM,179102626,77257.35,309029400.0,77257.35
4/30/2024 2:30:00 AM,179102626,75645.31,302581240.0,75645.31
4/30/2024 2:45:00 AM,179102626,76617.04,306468160.0,76617.04
4/30/2024 3:00:00 AM,179102626,76750.3,307001200.0,76750.3
4/30/2024 3:15:00 AM,179102626,63202.3,252809200.0,63202.3
4/30/2024 3:30:00 AM,179102626,76933.77,307735080.0,76933.77
4/30/2024 3:45:00 AM,179102626,75984.49,303937960.0,75984.49
4/30/2024 4:00:00 AM,179102626,79335.63,317342520.0,79335.63
4/30/2024 4:15:00 AM,179102626,76269.2,305076800.0,76269.2
4/30/2024 4:30:00 AM,179102626,78535.23,314140920.0,78535.23
4/30/2024 4:45:00 AM,179102626,82910.59,331642360.0,82910.59
4/30/2024 5:00:00 AM,179102626,76854.02,307416080.0,76854.02
4/30/2024 5:15:00 AM,179102626,74898.66,299594640.0,74898.66
4/30/2024 5:30:00 AM,179102626,114008.51,456034040.0,114008.51
4/30/2024 5:45:00 AM,179102626,115104.03,460416120.0,115104.03
4/30/2024 6:00:00 AM,179102626,115444.95,461779800.0,115444.95
4/30/2024 6:15:00 AM,179102626,114349.95,457399800.0,114349.95
4/30/2024 6:30:00 AM,179102626,114910.52,459642080.0,114910.52
4/30/2024 6:45:00 AM,179102626,114480.7,457922800.0,114480.7
4/30/2024 7:00:00 AM,179102626,115544.54,462178160.0,115544.54
4/30/2024 7:15:00 AM,179102626,110394.84,441579360.0,110394.84
4/30/2024 7:30:00 AM,179102626,77124.02,308496080.0,77124.02
4/30/2024 7:45:00 AM,179102626,81111.09,324444360.0,81111.09
4/30/2024 8:00:00 AM,179102626,78803.66,315214640.0,78803.66
4/30/2024 8:15:00 AM,179102626,79584.45,318337800.0,79584.45
4/30/2024 8:30:00 AM,179102626,76966.77,307867080.0,76966.77
4/30/2024 8:45:00 AM,179102626,82067.08,328268320.0,82067.08
4/30/2024 9:00:00 AM,179102626,70800.05,283200200.0,70800.05
4/30/2024 9:15:00 AM,179102626,87144.4,348577600.0,87144.4
4/30/2024 9:30:00 AM,179102626,96137.24,384548960.0,96137.24
4/30/2024 9:45:00 AM,179102626,94112.68,376450720.0,94112.68
4/30/2024 10:00:00 AM,179102626,94041.33,376165320.0,94041.33
4/30/2024 10:15:00 AM,179102626,94430.0,377720000.0,94430.0
4/30/2024 10:30:00 AM,179102626,86406.08,345624320.0,86406.08
4/30/2024 10:45:00 AM,179102626,90223.47,360893880.0,90223.47
4/30/2024 11:00:00 AM,179102626,89184.66,356738640.0,89184.66
4/30/2024 11:15:00 AM,179102626,89438.24,357752960.0,89438.24
4/30/2024 11:30:00 AM,179102626,91218.34,364873360.0,91218.34
4/30/2024 11:45:00 AM,179102626,90321.43,361285720.0,90321.43
4/30/2024 12:00:00 PM,179102626,92569.8,370279200.0,92569.8
4/30/2024 12:15:00 AM,179102828,59908.1,239632400.0,59908.1
4/30/2024 12:30:00 AM,179102828,60249.12,240996480.0,60249.12
4/30/2024 12:45:00 AM,179102828,58487.13,233948520.0,58487.13
4/30/2024 1:00:00 AM,179102828,57279.98,229119920.0,57279.98
4/30/2024 1:15:00 AM,179102828,61388.36,245553440.0,61388.36
4/30/2024 1:30:00 AM,179102828,58832.46,235329840.0,58832.46
4/30/2024 1:45:00 AM,179102828,58063.87,232255480.0,58063.87
4/30/2024 2:00:00 AM,179102828,62467.32,249869280.0,62467.32
4/30/2024 2:15:00 AM,179102828,58818.2,235272800.0,58818.2
4/30/2024 2:30:00 AM,179102828,59183.75,236735000.0,59183.75
4/30/2024 2:45:00 AM,179102828,59933.07,239732280.0,59933.07
4/30/2024 3:00:00 AM,179102828,58460.08,233840320.0,58460.08
4/30/2024 3:15:00 AM,179102828,58859.57,235438280.0,58859.57
4/30/2024 3:30:00 AM,179102828,58642.16,234568640.0,58642.16
4/30/2024 3:45:00 AM,179102828,58041.83,232167320.0,58041.83
4/30/2024 4:00:00 AM,179102828,58495.46,233981840.0,58495.46
4/30/2024 4:15:00 AM,179102828,60366.11,241464440.0,60366.11
4/30/2024 4:30:00 AM,179102828,60034.96,240139840.0,60034.96
4/30/2024 4:45:00 AM,179102828,57893.43,231573720.0,57893.43
4/30/2024 5:00:00 AM,179102828,57560.97,230243880.0,57560.97
4/30/2024 5:15:00 AM,179102828,59625.93,238503720.0,59625.93
4/30/2024 5:30:00 AM,179102828,58692.81,234771240.0,58692.81
4/30/2024 5:45:00 AM,179102828,41273.04,165092160.0,41273.04
4/30/2024 6:00:00 AM,179102828,61361.18,245444720.0,61361.18
4/30/2024 6:15:00 AM,179102828,62452.0,249808000.0,62452.0
4/30/2024 6:30:00 AM,179102828,62490.83,249963320.0,62490.83
4/30/2024 6:45:00 AM,179102828,66411.88,265647520.00000003,66411.88
4/30/2024 7:00:00 AM,179102828,65660.88,262643520.00000003,65660.88
4/30/2024 7:15:00 AM,179102828,72576.5,290306000.0,72576.5
4/30/2024 7:30:00 AM,179102828,76526.73,306106920.0,76526.73
4/30/2024 7:45:00 AM,179102828,75815.37,303261480.0,75815.37
4/30/2024 8:00:00 AM,179102828,82799.6,331198400.0,82799.6
4/30/2024 8:15:00 AM,179102828,76641.72,306566880.0,76641.72
4/30/2024 8:30:00 AM,179102828,73455.57,293822280.0,73455.57
4/30/2024 8:45:00 AM,179102828,75856.28,303425120.0,75856.28
4/30/2024 9:00:00 AM,179102828,94284.55,377138200.0,94284.55
4/30/2024 9:15:00 AM,179102828,88092.48,352369920.0,88092.48
4/30/2024 9:30:00 AM,179102828,90525.33,362101320.0,90525.33
4/30/2024 9:45:00 AM,179102828,90985.52,363942080.0,90985.52
4/30/2024 10:00:00 AM,179102828,94613.84,378455360.0,94613.84
4/30/2024 10:15:00 AM,179102828,90351.85,361407400.0,90351.85
4/30/2024 10:30:00 AM,179102828,101164.58,404658320.0,101164.58
4/30/2024 10:45:00 AM,179102828,89372.9,357491600.0,89372.9
4/30/2024 11:00:00 AM,179102828,108373.47,433493880.0,108373.47
4/30/2024 11:15:00 AM,179102828,108065.45,432261800.0,108065.45
4/30/2024 11:30:00 AM,179102828,105000.09,420000360.0,105000.09
4/30/2024 11:45:00 AM,179102828,104365.96,417463840.0,104365.96
4/30/2024 12:00:00 PM,179102828,113295.65,453182600.0,113295.65
4/30/2024 12:15:00 AM,179103021,18941.86,75767440.0,18941.86
4/30/2024 12:30:00 AM,179103021,20892.86,83571440.0,20892.86
4/30/2024 12:45:00 AM,179103021,18886.6,75546400.0,18886.6
4/30/2024 1:00:00 AM,179103021,19572.6,78290400.0,19572.6
4/30/2024 1:15:00 AM,179103021,18964.7,75858800.0,18964.7
4/30/2024 1:30:00 AM,179103021,16894.81,67579240.0,16894.81
4/30/2024 1:45:00 AM,179103021,19183.7,76734800.0,19183.7
4/30/2024 2:00:00 AM,179103021,19813.56,79254240.0,19813.56
4/30/2024 2:15:00 AM,179103021,16900.21,67600840.0,16900.21
4/30/2024 2:30:00 AM,179103021,17623.84,70495360.0,17623.84
4/30/2024 2:45:00 AM,179103021,20816.15,83264600.0,20816.15
4/30/2024 3:00:00 AM,179103021,18667.3,74669200.0,18667.3
4/30/2024 3:15:00 AM,179103021,17538.92,70155680.0,17538.92
4/30/2024 3:30:00 AM,179103021,19393.33,77573320.0,19393.33
4/30/2024 3:45:00 AM,179103021,21435.34,85741360.0,21435.34
4/30/2024 4:00:00 AM,179103021,22241.6,88966400.0,22241.6
4/30/2024 4:15:00 AM,179103021,22708.93,90835720.0,22708.93
4/30/2024 4:30:00 AM,179103021,21036.63,84146520.0,21036.63
4/30/2024 4:45:00 AM,179103021,22543.18,90172720.0,22543.18
4/30/2024 5:00:00 AM,179103021,21603.42,86413680.0,21603.42
4/30/2024 5:15:00 AM,179103021,22296.09,89184360.0,22296.09
4/30/2024 5:30:00 AM,179103021,20431.96,81727840.0,20431.96
4/30/2024 5:45:00 AM,179103021,23011.93,92047720.0,23011.93
4/30/2024 6:00:00 AM,179103021,22267.11,89068440.0,22267.11
4/30/2024 6:15:00 AM,179103021,19768.78,79075120.0,19768.78
4/30/2024 6:30:00 AM,179103021,21854.02,87416080.0,21854.02
4/30/2024 6:45:00 AM,179103021,20667.03,82668120.0,20667.03
4/30/2024 7:00:00 AM,179103021,22486.53,89946120.0,22486.53
4/30/2024 7:15:00 AM,179103021,26401.77,105607080.0,26401.77
4/30/2024 7:30:00 AM,179103021,23802.5,95210000.0,23802.5
4/30/2024 7:45:00 AM,179103021,23704.88,94819520.0,23704.88
4/30/2024 8:00:00 AM,179103021,26897.98,107591920.0,26897.98
4/30/2024 8:15:00 AM,179103021,22763.53,91054120.0,22763.53
4/30/2024 8:30:00 AM,179103021,26673.6,106694400.0,26673.6
4/30/2024 8:45:00 AM,179103021,21187.96,84751840.0,21187.96
4/30/2024 9:00:00 AM,179103021,24998.93,99995720.0,24998.93
4/30/2024 9:15:00 AM,179103021,25301.38,101205520.0,25301.38
4/30/2024 9:30:00 AM,179103021,25871.25,103485000.0,25871.25
4/30/2024 9:45:00 AM,179103021,29467.0,117868000.0,29467.0
4/30/2024 10:00:00 AM,179103021,27845.52,111382080.0,27845.52
4/30/2024 10:15:00 AM,179103021,30876.54,123506160.0,30876.54
4/30/2024 10:30:00 AM,179103021,31538.92,126155680.0,31538.92
4/30/2024 10:45:00 AM,179103021,31829.28,127317120.0,31829.28
4/30/2024 11:00:00 AM,179103021,31245.17,124980680.0,31245.17
4/30/2024 11:15:00 AM,179103021,27303.49,109213960.0,27303.49
4/30/2024 11:30:00 AM,179103021,32075.69,128302760.0,32075.69
4/30/2024 11:45:00 AM,179103021,29358.04,117432160.0,29358.04
4/30/2024 12:00:00 PM,179103021,31972.98,127891920.0,31972.98
4/30/2024 12:15:00 AM,179103425,3781.16,15124640.0,3781.16
4/30/2024 12:30:00 AM,179103425,692.27,2769080.0,692.27
4/30/2024 12:45:00 AM,179103425,683.85,2735400.0,683.85
4/30/2024 1:00:00 AM,179103425,676.18,2704720.0,676.18
4/30/2024 1:15:00 AM,179103425,1291.3,5165200.0,1291.3
4/30/2024 1:30:00 AM,179103425,745.03,2980120.0,745.03
4/30/2024 1:45:00 AM,179103425,738.28,2953120.0,738.28
4/30/2024 2:00:00 AM,179103425,729.89,2919560.0,729.89
4/30/2024 2:15:00 AM,179103425,728.09,2912360.0,728.09
4/30/2024 2:30:00 AM,179103425,660.56,2642240.0,660.56
4/30/2024 2:45:00 AM,179103425,659.69,2638760.0,659.69
4/30/2024 3:00:00 AM,179103425,658.96,2635840.0,658.96
4/30/2024 3:15:00 AM,179103425,744.74,2978960.0,744.74
4/30/2024 3:30:00 AM,179103425,730.85,2923400.0,730.85
4/30/2024 3:45:00 AM,179103425,726.69,2906760.0,726.69
4/30/2024 4:00:00 AM,179103425,722.88,2891520.0,722.88
4/30/2024 4:15:00 AM,179103425,656.07,2624280.0,656.07
4/30/2024 4:30:00 AM,179103425,655.42,2621680.0,655.42
4/30/2024 4:45:00 AM,179103425,654.34,2617360.0,654.34
4/30/2024 5:00:00 AM,179103425,3845.98,15383920.0,3845.98
4/30/2024 5:15:00 AM,179103425,730.77,2923080.0,730.77
4/30/2024 5:30:00 AM,179103425,730.12,2920480.0,730.12
4/30/2024 5:45:00 AM,179103425,723.67,2894680.0,723.67
4/30/2024 6:00:00 AM,179103425,2715.71,10862840.0,2715.71
4/30/2024 6:15:00 AM,179103425,1527.37,6109480.0,1527.37
4/30/2024 6:30:00 AM,179103425,1101.02,4404080.0,1101.02
4/30/2024 6:45:00 AM,179103425,2254.9,9019600.0,2254.9
4/30/2024 7:00:00 AM,179103425,4585.18,18340720.0,4585.18
4/30/2024 7:15:00 AM,179103425,4568.39,18273560.0,4568.39
4/30/2024 7:30:00 AM,179103425,4963.52,19854080.0,4963.52
4/30/2024 7:45:00 AM,179103425,1132.91,4531640.0,1132.91
4/30/2024 8:00:00 AM,179103425,1138.24,4552960.0,1138.24
4/30/2024 8:15:00 AM,179103425,1072.09,4288360.0,1072.09
4/30/2024 8:30:00 AM,179103425,1512.85,6051400.0,1512.85
4/30/2024 8:45:00 AM,179103425,5405.35,21621400.0,5405.35
4/30/2024 9:00:00 AM,179103425,5453.07,21812280.0,5453.07
4/30/2024 9:15:00 AM,179103425,1525.13,6100520.0,1525.13
4/30/2024 9:30:00 AM,179103425,1491.81,5967240.0,1491.81
4/30/2024 9:45:00 AM,179103425,1535.59,6142360.0,1535.59
4/30/2024 10:00:00 AM,179103425,1894.7,7578800.0,1894.7
4/30/2024 10:15:00 AM,179103425,1641.94,6567760.0,1641.94
4/30/2024 10:30:00 AM,179103425,1603.48,6413920.0,1603.48
4/30/2024 10:45:00 AM,179103425,1594.17,6376680.0,1594.17
4/30/2024 11:00:00 AM,179103425,1646.84,6587360.0,1646.84
4/30/2024 11:15:00 AM,179103425,4854.69,19418760.0,4854.69
4/30/2024 11:30:00 AM,179103425,758.65,3034600.0,758.65
4/30/2024 11:45:00 AM,179103425,755.59,3022360.0,755.59
4/30/2024 12:00:00 PM,179103425,687.91,2751640.0,687.91
4/30/2024 12:15:00 AM,179103728,29936.95,119747800.0,29936.95
4/30/2024 12:30:00 AM,179103728,29321.55,117286200.0,29321.55
4/30/2024 12:45:00 AM,179103728,29162.84,116651360.0,29162.84
4/30/2024 1:00:00 AM,179103728,29517.69,118070760.0,29517.69
4/30/2024 1:15:00 AM,179103728,29315.09,117260360.0,29315.09
4/30/2024 1:30:00 AM,179103728,29135.33,116541320.0,29135.33
4/30/2024 1:45:00 AM,179103728,29043.19,116172760.0,29043.19
4/30/2024 2:00:00 AM,179103728,29243.7,116974800.0,29243.7
4/30/2024 2:15:00 AM,179103728,28840.19,115360760.0,28840.19
4/30/2024 2:30:00 AM,179103728,29680.2,118720800.0,29680.2
4/30/2024 2:45:00 AM,179103728,28652.65,114610600.0,28652.65
4/30/2024 3:00:00 AM,179103728,29491.39,117965560.0,29491.39
4/30/2024 3:15:00 AM,179103728,32741.59,130966360.0,32741.59
4/30/2024 3:30:00 AM,179103728,29517.48,118069920.0,29517.48
4/30/2024 3:45:00 AM,179103728,29076.0,116304000.0,29076.0
4/30/2024 4:00:00 AM,179103728,29145.91,116583640.0,29145.91
4/30/2024 4:15:00 AM,179103728,36197.33,144789320.0,36197.33
4/30/2024 4:30:00 AM,179103728,28299.72,113198880.0,28299.72
4/30/2024 4:45:00 AM,179103728,28795.94,115183760.0,28795.94
4/30/2024 5:00:00 AM,179103728,38285.3,153141200.0,38285.3
4/30/2024 5:15:00 AM,179103728,28648.55,114594200.0,28648.55
4/30/2024 5:30:00 AM,179103728,28100.91,112403640.0,28100.91
4/30/2024 5:45:00 AM,179103728,28673.18,114692720.0,28673.18
4/30/2024 6:00:00 AM,179103728,28510.84,114043360.0,28510.84
4/30/2024 6:15:00 AM,179103728,81666.52,326666080.0,81666.52
4/30/2024 6:30:00 AM,179103728,44501.84,178007360.0,44501.84
4/30/2024 6:45:00 AM,179103728,67273.95,269095800.0,67273.95
4/30/2024 7:00:00 AM,179103728,61017.15,244068600.0,61017.15
4/30/2024 7:15:00 AM,179103728,58064.09,232256360.0,58064.09
4/30/2024 7:30:00 AM,179103728,55256.92,221027680.0,55256.92
4/30/2024 7:45:00 AM,179103728,55945.66,223782640.0,55945.66
4/30/2024 8:00:00 AM,179103728,56608.57,226434280.0,56608.57
4/30/2024 8:15:00 AM,179103728,54209.91,216839640.0,54209.91
4/30/2024 8:30:00 AM,179103728,54455.62,217822480.0,54455.62
4/30/2024 8:45:00 AM,179103728,55972.63,223890520.0,55972.63
4/30/2024 9:00:00 AM,179103728,61295.27,245181080.0,61295.27
4/30/2024 9:15:00 AM,179103728,58795.0,235180000.0,58795.0
4/30/2024 9:30:00 AM,179103728,66186.89,264747560.0,66186.89
4/30/2024 9:45:00 AM,179103728,67248.95,268995800.0,67248.95
4/30/2024 10:00:00 AM,179103728,71427.66,285710640.0,71427.66
4/30/2024 10:15:00 AM,179103728,73079.68,292318720.0,73079.68
4/30/2024 10:30:00 AM,179103728,71477.41,285909640.0,71477.41
4/30/2024 10:45:00 AM,179103728,75427.55,301710200.0,75427.55
4/30/2024 11:00:00 AM,179103728,76689.09,306756360.0,76689.09
4/30/2024 11:15:00 AM,179103728,77580.86,310323440.0,77580.86
4/30/2024 11:30:00 AM,179103728,78597.89,314391560.0,78597.89
4/30/2024 11:45:00 AM,179103728,75900.57,303602280.0,75900.57
4/30/2024 12:00:00 PM,179103728,74710.15,298840600.0,74710.15
4/30/2024 12:15:00 AM,179103829,4120.21,16480840.0,4120.21
4/30/2024 12:30:00 AM,179103829,4049.64,16198560.0,4049.64
4/30/2024 12:45:00 AM,179103829,6834.14,27336560.0,6834.14
4/30/2024 1:00:00 AM,179103829,9153.98,36615920.0,9153.98
4/30/2024 1:15:00 AM,179103829,8281.09,33124360.0,8281.09
4/30/2024 1:30:00 AM,179103829,8234.7,32938800.000000004,8234.7
4/30/2024 1:45:00 AM,179103829,8327.33,33309320.0,8327.33
4/30/2024 2:00:00 AM,179103829,8257.81,33031239.999999996,8257.81
4/30/2024 2:15:00 AM,179103829,6507.0,26028000.0,6507.0
4/30/2024 2:30:00 AM,179103829,6557.66,26230640.0,6557.66
4/30/2024 2:45:00 AM,179103829,6610.41,26441640.0,6610.41
4/30/2024 3:00:00 AM,179103829,4167.69,16670759.999999998,4167.69
4/30/2024 3:15:00 AM,179103829,4022.8,16091200.0,4022.8
4/30/2024 3:30:00 AM,179103829,4027.28,16109120.0,4027.28
4/30/2024 3:45:00 AM,179103829,3866.65,15466600.0,3866.65
4/30/2024 4:00:00 AM,179103829,3924.42,15697680.0,3924.42
4/30/2024 4:15:00 AM,179103829,4784.68,19138720.0,4784.68
4/30/2024 4:30:00 AM,179103829,7361.37,29445480.0,7361.37
4/30/2024 4:45:00 AM,179103829,7438.23,29752920.0,7438.23
4/30/2024 5:00:00 AM,179103829,4815.2,19260800.0,4815.2
4/30/2024 5:15:00 AM,179103829,4734.51,18938040.0,4734.51
4/30/2024 5:30:00 AM,179103829,4577.85,18311400.0,4577.85
4/30/2024 5:45:00 AM,179103829,6571.75,26287000.0,6571.75
4/30/2024 6:00:00 AM,179103829,5751.67,23006680.0,5751.67
4/30/2024 6:15:00 AM,179103829,6445.16,25780640.0,6445.16
4/30/2024 6:30:00 AM,179103829,6605.58,26422320.0,6605.58
4/30/2024 6:45:00 AM,179103829,19675.09,78700360.0,19675.09
4/30/2024 7:00:00 AM,179103829,19877.65,79510600.0,19877.65
4/30/2024 7:15:00 AM,179103829,14834.86,59339440.0,14834.86
4/30/2024 7:30:00 AM,179103829,10937.72,43750880.0,10937.72
4/30/2024 7:45:00 AM,179103829,10812.6,43250400.0,10812.6
4/30/2024 8:00:00 AM,179103829,14531.48,58125920.0,14531.48
4/30/2024 8:15:00 AM,179103829,7281.17,29124680.0,7281.17
4/30/2024 8:30:00 AM,179103829,4746.75,18987000.0,4746.75
4/30/2024 8:45:00 AM,179103829,4622.64,18490560.0,4622.64
4/30/2024 9:00:00 AM,179103829,4909.05,19636200.0,4909.05
4/30/2024 9:15:00 AM,179103829,4936.91,19747640.0,4936.91
4/30/2024 9:30:00 AM,179103829,14940.22,59760880.0,14940.22
4/30/2024 9:45:00 AM,179103829,10158.44,40633760.0,10158.44
4/30/2024 10:00:00 AM,179103829,7496.38,29985520.0,7496.38
4/30/2024 10:15:00 AM,179103829,7673.98,30695920.0,7673.98
4/30/2024 10:30:00 AM,179103829,10178.14,40712560.0,10178.14
4/30/2024 10:45:00 AM,179103829,10302.2,41208800.0,10302.2
4/30/2024 11:00:00 AM,179103829,10908.37,43633480.0,10908.37
4/30/2024 11:15:00 AM,179103829,16325.64,65302560.0,16325.64
4/30/2024 11:30:00 AM,179103829,23096.13,92384520.0,23096.13
4/30/2024 11:45:00 AM,179103829,19991.43,79965720.0,19991.43
4/30/2024 12:00:00 PM,179103829,12425.59,49702360.0,12425.59
4/30/2024 12:15:00 AM,179104325,70989.11,283956440.0,70989.11
4/30/2024 12:30:00 AM,179104325,69247.91,276991640.0,69247.91
4/30/2024 12:45:00 AM,179104325,67611.84,270447360.0,67611.84
4/30/2024 1:00:00 AM,179104325,70309.96,281239840.0,70309.96
4/30/2024 1:15:00 AM,179104325,68208.52,272834080.0,68208.52
4/30/2024 1:30:00 AM,179104325,70303.66,281214640.0,70303.66
4/30/2024 1:45:00 AM,179104325,68567.34,274269360.0,68567.34
4/30/2024 2:00:00 AM,179104325,69406.89,277627560.0,69406.89
4/30/2024 2:15:00 AM,179104325,68170.23,272680920.0,68170.23
4/30/2024 2:30:00 AM,179104325,68468.33,273873320.0,68468.33
4/30/2024 2:45:00 AM,179104325,69137.53,276550120.0,69137.53
4/30/2024 3:00:00 AM,179104325,69328.45,277313800.0,69328.45
4/30/2024 3:15:00 AM,179104325,67618.33,270473320.0,67618.33
4/30/2024 3:30:00 AM,179104325,69573.4,278293600.0,69573.4
4/30/2024 3:45:00 AM,179104325,68282.26,273129040.0,68282.26
4/30/2024 4:00:00 AM,179104325,67065.96,268263840.00000003,67065.96
4/30/2024 4:15:00 AM,179104325,67564.34,270257360.0,67564.34
4/30/2024 4:30:00 AM,179104325,68438.73,273754920.0,68438.73
4/30/2024 4:45:00 AM,179104325,67782.75,271131000.0,67782.75
4/30/2024 5:00:00 AM,179104325,67755.32,271021280.0,67755.32
4/30/2024 5:15:00 AM,179104325,67286.33,269145320.0,67286.33
4/30/2024 5:30:00 AM,179104325,67904.83,271619320.0,67904.83
4/30/2024 5:45:00 AM,179104325,67110.12,268440480.0,67110.12
4/30/2024 6:00:00 AM,179104325,67609.54,270438160.0,67609.54
4/30/2024 6:15:00 AM,179104325,109961.18,439844720.0,109961.18
4/30/2024 6:30:00 AM,179104325,162717.36,650869440.0,162717.36
4/30/2024 6:45:00 AM,179104325,151024.63,604098520.0,151024.63
4/30/2024 7:00:00 AM,179104325,158776.17,635104680.0,158776.17
4/30/2024 7:15:00 AM,179104325,168209.78,672839120.0,168209.78
4/30/2024 7:30:00 AM,179104325,161039.2,644156800.0,161039.2
4/30/2024 7:45:00 AM,179104325,167068.23,668272920.0,167068.23
4/30/2024 8:00:00 AM,179104325,165892.78,663571120.0,165892.78
4/30/2024 8:15:00 AM,179104325,175925.67,703702680.0,175925.67
4/30/2024 8:30:00 AM,179104325,181880.95,727523800.0,181880.95
4/30/2024 8:45:00 AM,179104325,187121.88,748487520.0,187121.88
4/30/2024 9:00:00 AM,179104325,196987.89,787951560.0,196987.89
4/30/2024 9:15:00 AM,179104325,199782.86,799131440.0,199782.86
4/30/2024 9:30:00 AM,179104325,193904.7,775618800.0,193904.7
4/30/2024 9:45:00 AM,179104325,208039.48,832157920.0,208039.48
4/30/2024 10:00:00 AM,179104325,226582.27,906329080.0,226582.27
4/30/2024 10:15:00 AM,179104325,222977.14,891908560.0,222977.14
4/30/2024 10:30:00 AM,179104325,224436.17,897744680.0,224436.17
4/30/2024 10:45:00 AM,179104325,220148.13,880592520.0,220148.13
4/30/2024 11:00:00 AM,179104325,239507.03,958028120.0,239507.03
4/30/2024 11:15:00 AM,179104325,231910.47,927641880.0,231910.47
4/30/2024 11:30:00 AM,179104325,226377.44,905509760.0,226377.44
4/30/2024 11:45:00 AM,179104325,238836.69,955346760.0,238836.69
4/30/2024 12:00:00 PM,179104325,237878.13,951512520.0,237878.13
4/30/2024 12:15:00 AM,179105326,56007.65,224030600.0,56007.65
4/30/2024 12:30:00 AM,179105326,51443.96,205775840.0,51443.96
4/30/2024 12:45:00 AM,179105326,50832.13,203328520.0,50832.13
4/30/2024 1:00:00 AM,179105326,43224.3,172897200.0,43224.3
4/30/2024 1:15:00 AM,179105326,44314.39,177257560.0,44314.39
4/30/2024 1:30:00 AM,179105326,47972.43,191889720.0,47972.43
4/30/2024 1:45:00 AM,179105326,46218.79,184875160.0,46218.79
4/30/2024 2:00:00 AM,179105326,40414.05,161656200.0,40414.05
4/30/2024 2:15:00 AM,179105326,40550.87,162203480.0,40550.87
4/30/2024 2:30:00 AM,179105326,39290.32,157161280.0,39290.32
4/30/2024 2:45:00 AM,179105326,46445.12,185780480.0,46445.12
4/30/2024 3:00:00 AM,179105326,47293.54,189174160.0,47293.54
4/30/2024 3:15:00 AM,179105326,48700.23,194800920.0,48700.23
4/30/2024 3:30:00 AM,179105326,45370.3,181481200.0,45370.3
4/30/2024 3:45:00 AM,179105326,43244.84,172979360.0,43244.84
4/30/2024 4:00:00 AM,179105326,45005.5,180022000.0,45005.5
4/30/2024 4:15:00 AM,179105326,48071.21,192284840.0,48071.21
4/30/2024 4:30:00 AM,179105326,52582.29,210329160.0,52582.29
4/30/2024 4:45:00 AM,179105326,52131.29,208525160.0,52131.29
4/30/2024 5:00:00 AM,179105326,40899.06,163596240.0,40899.06
4/30/2024 5:15:00 AM,179105326,38830.26,155321040.0,38830.26
4/30/2024 5:30:00 AM,179105326,36804.29,147217160.0,36804.29
4/30/2024 5:45:00 AM,179105326,51644.48,206577920.0,51644.48
4/30/2024 6:00:00 AM,179105326,52587.84,210351360.0,52587.84
4/30/2024 6:15:00 AM,179105326,51467.5,205870000.0,51467.5
4/30/2024 6:30:00 AM,179105326,47718.13,190872520.0,47718.13
4/30/2024 6:45:00 AM,179105326,57482.07,229928280.0,57482.07
4/30/2024 7:00:00 AM,179105326,61380.44,245521760.0,61380.44
4/30/2024 7:15:00 AM,179105326,59404.75,237619000.0,59404.75
4/30/2024 7:30:00 AM,179105326,58345.86,233383440.0,58345.86
4/30/2024 7:45:00 AM,179105326,45998.12,183992480.0,45998.12
4/30/2024 8:00:00 AM,179105326,45218.97,180875880.0,45218.97
4/30/2024 8:15:00 AM,179105326,46633.61,186534440.0,46633.61
4/30/2024 8:30:00 AM,179105326,52768.0,211072000.0,52768.0
4/30/2024 8:45:00 AM,179105326,51922.32,207689280.0,51922.32
4/30/2024 9:00:00 AM,179105326,52849.79,211399160.0,52849.79
4/30/2024 9:15:00 AM,179105326,58723.23,234892920.0,58723.23
4/30/2024 9:30:00 AM,179105326,58708.23,234832920.0,58708.23
4/30/2024 9:45:00 AM,179105326,48986.48,195945920.0,48986.48
4/30/2024 10:00:00 AM,179105326,55329.96,221319840.0,55329.96
4/30/2024 10:15:00 AM,179105326,54747.48,218989920.0,54747.48
4/30/2024 10:30:00 AM,179105326,55402.62,221610480.0,55402.62
4/30/2024 10:45:00 AM,179105326,72914.74,291658960.0,72914.74
4/30/2024 11:00:00 AM,179105326,64918.31,259673240.0,64918.31
4/30/2024 11:15:00 AM,179105326,64996.27,259985080.0,64996.27
4/30/2024 11:30:00 AM,179105326,68573.3,274293200.0,68573.3
4/30/2024 11:45:00 AM,179105326,69061.29,276245160.0,69061.29
4/30/2024 12:00:00 PM,179105326,70313.87,281255480.0,70313.87
4/30/2024 12:15:00 AM,179105427,23076.09,92304360.0,23076.09
4/30/2024 12:30:00 AM,179105427,23223.01,92892040.0,23223.01
4/30/2024 12:45:00 AM,179105427,24958.74,99834960.0,24958.74
4/30/2024 1:00:00 AM,179105427,34935.07,139740280.0,34935.07
4/30/2024 1:15:00 AM,179105427,22650.55,90602200.0,22650.55
4/30/2024 1:30:00 AM,179105427,31902.12,127608480.0,31902.12
4/30/2024 1:45:00 AM,179105427,22561.91,90247640.0,22561.91
4/30/2024 2:00:00 AM,179105427,22693.33,90773320.0,22693.33
4/30/2024 2:15:00 AM,179105427,24701.53,98806120.0,24701.53
4/30/2024 2:30:00 AM,179105427,23945.84,95783360.0,23945.84
4/30/2024 2:45:00 AM,179105427,22586.58,90346320.0,22586.58
4/30/2024 3:00:00 AM,179105427,22939.7,91758800.0,22939.7
4/30/2024 3:15:00 AM,179105427,22779.09,91116360.0,22779.09
4/30/2024 3:30:00 AM,179105427,24624.73,98498920.0,24624.73
4/30/2024 3:45:00 AM,179105427,22457.67,89830680.0,22457.67
4/30/2024 4:00:00 AM,179105427,24258.09,97032360.0,24258.09
4/30/2024 4:15:00 AM,179105427,22555.64,90222560.0,22555.64
4/30/2024 4:30:00 AM,179105427,24526.07,98104280.0,24526.07
4/30/2024 4:45:00 AM,179105427,26458.31,105833240.0,26458.31
4/30/2024 5:00:00 AM,179105427,29266.8,117067200.0,29266.8
4/30/2024 5:15:00 AM,179105427,27592.02,110368080.0,27592.02
4/30/2024 5:30:00 AM,179105427,24441.52,97766080.0,24441.52
4/30/2024 5:45:00 AM,179105427,26824.01,107296040.0,26824.01
4/30/2024 6:00:00 AM,179105427,26770.92,107083680.0,26770.92
4/30/2024 6:15:00 AM,179105427,26263.33,105053320.0,26263.33
4/30/2024 6:30:00 AM,179105427,23514.1,94056400.0,23514.1
4/30/2024 6:45:00 AM,179105427,26762.56,107050240.0,26762.56
4/30/2024 7:00:00 AM,179105427,30881.64,123526560.0,30881.64
4/30/2024 7:15:00 AM,179105427,28519.22,114076880.0,28519.22
4/30/2024 7:30:00 AM,179105427,31646.13,126584520.0,31646.13
4/30/2024 7:45:00 AM,179105427,29979.67,119918680.0,29979.67
4/30/2024 8:00:00 AM,179105427,29724.34,118897360.0,29724.34
4/30/2024 8:15:00 AM,179105427,34465.44,137861760.0,34465.44
4/30/2024 8:30:00 AM,179105427,41854.41,167417640.0,41854.41
4/30/2024 8:45:00 AM,179105427,33353.16,133412640.00000001,33353.16
4/30/2024 9:00:00 AM,179105427,33172.69,132690760.00000001,33172.69
4/30/2024 9:15:00 AM,179105427,32599.79,130399160.0,32599.79
4/30/2024 9:30:00 AM,179105427,41743.99,166975960.0,41743.99
4/30/2024 9:45:00 AM,179105427,33376.0,133504000.0,33376.0
4/30/2024 10:00:00 AM,179105427,34317.3,137269200.0,34317.3
4/30/2024 10:15:00 AM,179105427,33002.52,132010079.99999999,33002.52
4/30/2024 10:30:00 AM,179105427,44549.7,178198800.0,44549.7
4/30/2024 10:45:00 AM,179105427,30302.76,121211040.0,30302.76
4/30/2024 11:00:00 AM,179105427,42924.91,171699640.0,42924.91
4/30/2024 11:15:00 AM,179105427,46657.44,186629760.0,46657.44
4/30/2024 11:30:00 AM,179105427,44515.95,178063800.0,44515.95
4/30/2024 11:45:00 AM,179105427,32361.59,129446360.0,32361.59
4/30/2024 12:00:00 PM,179105427,42699.36,170797440.0,42699.36
4/30/2024 12:15:00 AM,179105427,23076.09,92304360.0,23076.09
4/30/2024 12:30:00 AM,179105427,23223.01,92892040.0,23223.01
4/30/2024 12:45:00 AM,179105427,24958.74,99834960.0,24958.74
4/30/2024 1:00:00 AM,179105427,34935.07,139740280.0,34935.07
4/30/2024 1:15:00 AM,179105427,22650.55,90602200.0,22650.55
4/30/2024 1:30:00 AM,179105427,31902.12,127608480.0,31902.12
4/30/2024 1:45:00 AM,179105427,22561.91,90247640.0,22561.91
4/30/2024 2:00:00 AM,179105427,22693.33,90773320.0,22693.33
4/30/2024 2:15:00 AM,179105427,24701.53,98806120.0,24701.53
4/30/2024 2:30:00 AM,179105427,23945.84,95783360.0,23945.84
4/30/2024 2:45:00 AM,179105427,22586.58,90346320.0,22586.58
4/30/2024 3:00:00 AM,179105427,22939.7,91758800.0,22939.7
4/30/2024 3:15:00 AM,179105427,22779.09,91116360.0,22779.09
4/30/2024 3:30:00 AM,179105427,24624.73,98498920.0,24624.73
4/30/2024 3:45:00 AM,179105427,22457.67,89830680.0,22457.67
4/30/2024 4:00:00 AM,179105427,24258.09,97032360.0,24258.09
4/30/2024 4:15:00 AM,179105427,22555.64,90222560.0,22555.64
4/30/2024 4:30:00 AM,179105427,24526.07,98104280.0,24526.07
4/30/2024 4:45:00 AM,179105427,26458.31,105833240.0,26458.31
4/30/2024 5:00:00 AM,179105427,29266.8,117067200.0,29266.8
4/30/2024 5:15:00 AM,179105427,27592.02,110368080.0,27592.02
4/30/2024 5:30:00 AM,179105427,24441.52,97766080.0,24441.52
4/30/2024 5:45:00 AM,179105427,26824.01,107296040.0,26824.01
4/30/2024 6:00:00 AM,179105427,26770.92,107083680.0,26770.92
4/30/2024 6:15:00 AM,179105427,26263.33,105053320.0,26263.33
4/30/2024 6:30:00 AM,179105427,23514.1,94056400.0,23514.1
4/30/2024 6:45:00 AM,179105427,26762.56,107050240.0,26762.56
4/30/2024 7:00:00 AM,179105427,30881.64,123526560.0,30881.64
4/30/2024 7:15:00 AM,179105427,28519.22,114076880.0,28519.22
4/30/2024 7:30:00 AM,179105427,31646.13,126584520.0,31646.13
4/30/2024 7:45:00 AM,179105427,29979.67,119918680.0,29979.67
4/30/2024 8:00:00 AM,179105427,29724.34,118897360.0,29724.34
4/30/2024 8:15:00 AM,179105427,34465.44,137861760.0,34465.44
4/30/2024 8:30:00 AM,179105427,41854.41,167417640.0,41854.41
4/30/2024 8:45:00 AM,179105427,33353.16,133412640.00000001,33353.16
4/30/2024 9:00:00 AM,179105427,33172.69,132690760.00000001,33172.69
4/30/2024 9:15:00 AM,179105427,32599.79,130399160.0,32599.79
4/30/2024 9:30:00 AM,179105427,41743.99,166975960.0,41743.99
4/30/2024 9:45:00 AM,179105427,33376.0,133504000.0,33376.0
4/30/2024 10:00:00 AM,179105427,34317.3,137269200.0,34317.3
4/30/2024 10:15:00 AM,179105427,33002.52,132010079.99999999,33002.52
4/30/2024 10:30:00 AM,179105427,44549.7,178198800.0,44549.7
4/30/2024 10:45:00 AM,179105427,30302.76,121211040.0,30302.76
4/30/2024 11:00:00 AM,179105427,42924.91,171699640.0,42924.91
4/30/2024 11:15:00 AM,179105427,46657.44,186629760.0,46657.44
4/30/2024 11:30:00 AM,179105427,44515.95,178063800.0,44515.95
4/30/2024 11:45:00 AM,179105427,32361.59,129446360.0,32361.59
4/30/2024 12:00:00 PM,179105427,42699.36,170797440.0,42699.36
4/30/2024 12:15:00 AM,179105427,23076.09,92304360.0,23076.09
4/30/2024 12:30:00 AM,179105427,23223.01,92892040.0,23223.01
4/30/2024 12:45:00 AM,179105427,24958.74,99834960.0,24958.74
4/30/2024 1:00:00 AM,179105427,34935.07,139740280.0,34935.07
4/30/2024 1:15:00 AM,179105427,22650.55,90602200.0,22650.55
4/30/2024 1:30:00 AM,179105427,31902.12,127608480.0,31902.12
4/30/2024 1:45:00 AM,179105427,22561.91,90247640.0,22561.91
4/30/2024 2:00:00 AM,179105427,22693.33,90773320.0,22693.33
4/30/2024 2:15:00 AM,179105427,24701.53,98806120.0,24701.53
4/30/2024 2:30:00 AM,179105427,23945.84,95783360.0,23945.84
4/30/2024 2:45:00 AM,179105427,22586.58,90346320.0,22586.58
4/30/2024 3:00:00 AM,179105427,22939.7,91758800.0,22939.7
4/30/2024 3:15:00 AM,179105427,22779.09,91116360.0,22779.09
4/30/2024 3:30:00 AM,179105427,24624.73,98498920.0,24624.73
4/30/2024 3:45:00 AM,179105427,22457.67,89830680.0,22457.67
4/30/2024 4:00:00 AM,179105427,24258.09,97032360.0,24258.09
4/30/2024 4:15:00 AM,179105427,22555.64,90222560.0,22555.64
4/30/2024 4:30:00 AM,179105427,24526.07,98104280.0,24526.07
4/30/2024 4:45:00 AM,179105427,26458.31,105833240.0,26458.31
4/30/2024 5:00:00 AM,179105427,29266.8,117067200.0,29266.8
4/30/2024 5:15:00 AM,179105427,27592.02,110368080.0,27592.02
4/30/2024 5:30:00 AM,179105427,24441.52,97766080.0,24441.52
4/30/2024 5:45:00 AM,179105427,26824.01,107296040.0,26824.01
4/30/2024 6:00:00 AM,179105427,26770.92,107083680.0,26770.92
4/30/2024 6:15:00 AM,179105427,26263.33,105053320.0,26263.33
4/30/2024 6:30:00 AM,179105427,23514.1,94056400.0,23514.1
4/30/2024 6:45:00 AM,179105427,26762.56,107050240.0,26762.56
4/30/2024 7:00:00 AM,179105427,30881.64,123526560.0,30881.64
4/30/2024 7:15:00 AM,179105427,28519.22,114076880.0,28519.22
4/30/2024 7:30:00 AM,179105427,31646.13,126584520.0,31646.13
4/30/2024 7:45:00 AM,179105427,29979.67,119918680.0,29979.67
4/30/2024 8:00:00 AM,179105427,29724.34,118897360.0,29724.34
4/30/2024 8:15:00 AM,179105427,34465.44,137861760.0,34465.44
4/30/2024 8:30:00 AM,179105427,41854.41,167417640.0,41854.41
4/30/2024 8:45:00 AM,179105427,33353.16,133412640.00000001,33353.16
4/30/2024 9:00:00 AM,179105427,33172.69,132690760.00000001,33172.69
4/30/2024 9:15:00 AM,179105427,32599.79,130399160.0,32599.79
4/30/2024 9:30:00 AM,179105427,41743.99,166975960.0,41743.99
4/30/2024 9:45:00 AM,179105427,33376.0,133504000.0,33376.0
4/30/2024 10:00:00 AM,179105427,34317.3,137269200.0,34317.3
4/30/2024 10:15:00 AM,179105427,33002.52,132010079.99999999,33002.52
4/30/2024 10:30:00 AM,179105427,44549.7,178198800.0,44549.7
4/30/2024 10:45:00 AM,179105427,30302.76,121211040.0,30302.76
4/30/2024 11:00:00 AM,179105427,42924.91,171699640.0,42924.91
4/30/2024 11:15:00 AM,179105427,46657.44,186629760.0,46657.44
4/30/2024 11:30:00 AM,179105427,44515.95,178063800.0,44515.95
4/30/2024 11:45:00 AM,179105427,32361.59,129446360.0,32361.59
4/30/2024 12:00:00 PM,179105427,42699.36,170797440.0,42699.36
4/30/2024 12:15:00 AM,179105427,23076.09,92304360.0,23076.09
4/30/2024 12:30:00 AM,179105427,23223.01,92892040.0,23223.01
4/30/2024 12:45:00 AM,179105427,24958.74,99834960.0,24958.74
4/30/2024 1:00:00 AM,179105427,34935.07,139740280.0,34935.07
4/30/2024 1:15:00 AM,179105427,22650.55,90602200.0,22650.55
4/30/2024 1:30:00 AM,179105427,31902.12,127608480.0,31902.12
4/30/2024 1:45:00 AM,179105427,22561.91,90247640.0,22561.91
4/30/2024 2:00:00 AM,179105427,22693.33,90773320.0,22693.33
4/30/2024 2:15:00 AM,179105427,24701.53,98806120.0,24701.53
4/30/2024 2:30:00 AM,179105427,23945.84,95783360.0,23945.84
4/30/2024 2:45:00 AM,179105427,22586.58,90346320.0,22586.58
4/30/2024 3:00:00 AM,179105427,22939.7,91758800.0,22939.7
4/30/2024 3:15:00 AM,179105427,22779.09,91116360.0,22779.09
4/30/2024 3:30:00 AM,179105427,24624.73,98498920.0,24624.73
4/30/2024 3:45:00 AM,179105427,22457.67,89830680.0,22457.67
4/30/2024 4:00:00 AM,179105427,24258.09,97032360.0,24258.09
4/30/2024 4:15:00 AM,179105427,22555.64,90222560.0,22555.64
4/30/2024 4:30:00 AM,179105427,24526.07,98104280.0,24526.07
4/30/2024 4:45:00 AM,179105427,26458.31,105833240.0,26458.31
4/30/2024 5:00:00 AM,179105427,29266.8,117067200.0,29266.8
4/30/2024 5:15:00 AM,179105427,27592.02,110368080.0,27592.02
4/30/2024 5:30:00 AM,179105427,24441.52,97766080.0,24441.52
4/30/2024 5:45:00 AM,179105427,26824.01,107296040.0,26824.01
4/30/2024 6:00:00 AM,179105427,26770.92,107083680.0,26770.92
4/30/2024 6:15:00 AM,179105427,26263.33,105053320.0,26263.33
4/30/2024 6:30:00 AM,179105427,23514.1,94056400.0,23514.1
4/30/2024 6:45:00 AM,179105427,26762.56,107050240.0,26762.56
4/30/2024 7:00:00 AM,179105427,30881.64,123526560.0,30881.64
4/30/2024 7:15:00 AM,179105427,28519.22,114076880.0,28519.22
4/30/2024 7:30:00 AM,179105427,31646.13,126584520.0,31646.13
4/30/2024 7:45:00 AM,179105427,29979.67,119918680.0,29979.67
4/30/2024 8:00:00 AM,179105427,29724.34,118897360.0,29724.34
4/30/2024 8:15:00 AM,179105427,34465.44,137861760.0,34465.44
4/30/2024 8:30:00 AM,179105427,41854.41,167417640.0,41854.41
4/30/2024 8:45:00 AM,179105427,33353.16,133412640.00000001,33353.16
4/30/2024 9:00:00 AM,179105427,33172.69,132690760.00000001,33172.69
4/30/2024 9:15:00 AM,179105427,32599.79,130399160.0,32599.79
4/30/2024 9:30:00 AM,179105427,41743.99,166975960.0,41743.99
4/30/2024 9:45:00 AM,179105427,33376.0,133504000.0,33376.0
4/30/2024 10:00:00 AM,179105427,34317.3,137269200.0,34317.3
4/30/2024 10:15:00 AM,179105427,33002.52,132010079.99999999,33002.52
4/30/2024 10:30:00 AM,179105427,44549.7,178198800.0,44549.7
4/30/2024 10:45:00 AM,179105427,30302.76,121211040.0,30302.76
4/30/2024 11:00:00 AM,179105427,42924.91,171699640.0,42924.91
4/30/2024 11:15:00 AM,179105427,46657.44,186629760.0,46657.44
4/30/2024 11:30:00 AM,179105427,44515.95,178063800.0,44515.95
4/30/2024 11:45:00 AM,179105427,32361.59,129446360.0,32361.59
4/30/2024 12:00:00 PM,179105427,42699.36,170797440.0,42699.36
4/30/2024 12:15:00 AM,179105629,276574.44,1106297760.0,276574.44
4/30/2024 12:30:00 AM,179105629,272809.38,1091237520.0,272809.38
4/30/2024 12:45:00 AM,179105629,270711.78,1082847120.0,270711.78
4/30/2024 1:00:00 AM,179105629,308660.91,1234643640.0,308660.91
4/30/2024 1:15:00 AM,179105629,319447.22,1277788880.0,319447.22
4/30/2024 1:30:00 AM,179105629,312122.66,1248490640.0,312122.66
4/30/2024 1:45:00 AM,179105629,298281.44,1193125760.0,298281.44
4/30/2024 2:00:00 AM,179105629,299201.16,1196804640.0,299201.16
4/30/2024 2:15:00 AM,179105629,229425.05,917700200.0,229425.05
4/30/2024 2:30:00 AM,179105629,236862.36,947449440.0,236862.36
4/30/2024 2:45:00 AM,179105629,294485.22,1177940880.0,294485.22
4/30/2024 3:00:00 AM,179105629,274417.66,1097670640.0,274417.66
4/30/2024 3:15:00 AM,179105629,301747.06,1206988240.0,301747.06
4/30/2024 3:30:00 AM,179105629,231506.97,926027880.0,231506.97
4/30/2024 3:45:00 AM,179105629,268531.22,1074124880.0,268531.22
4/30/2024 4:00:00 AM,179105629,303875.97,1215503880.0,303875.97
4/30/2024 4:15:00 AM,179105629,318787.81,1275151240.0,318787.81
4/30/2024 4:30:00 AM,179105629,287149.09,1148596360.0,287149.09
4/30/2024 4:45:00 AM,179105629,273756.97,1095027880.0,273756.97
4/30/2024 5:00:00 AM,179105629,234074.33,936297320.0,234074.33
4/30/2024 5:15:00 AM,179105629,263526.19,1054104760.0,263526.19
4/30/2024 5:30:00 AM,179105629,304282.03,1217128120.0,304282.03
4/30/2024 5:45:00 AM,179105629,340853.72,1363414880.0,340853.72
4/30/2024 6:00:00 AM,179105629,256566.27,1026265080.0,256566.27
4/30/2024 6:15:00 AM,179105629,0.0,0.0,0.0
4/30/2024 6:30:00 AM,179105629,226052.25,904209000.0,226052.25
4/30/2024 6:45:00 AM,179105629,306326.84,1225307360.0,306326.84
4/30/2024 7:00:00 AM,179105629,297488.59,1189954360.0,297488.59
4/30/2024 7:15:00 AM,179105629,297956.72,1191826880.0,297956.72
4/30/2024 7:30:00 AM,179105629,334563.09,1338252360.0,334563.09
4/30/2024 7:45:00 AM,179105629,283199.69,1132798760.0,283199.69
4/30/2024 8:00:00 AM,179105629,347314.44,1389257760.0,347314.44
4/30/2024 8:15:00 AM,179105629,353616.81,1414467240.0,353616.81
4/30/2024 8:30:00 AM,179105629,302323.59,1209294360.0,302323.59
4/30/2024 8:45:00 AM,179105629,375926.47,1503705880.0,375926.47
4/30/2024 9:00:00 AM,179105629,346153.28,1384613120.0,346153.28
4/30/2024 9:15:00 AM,179105629,395811.13,1583244520.0,395811.13
4/30/2024 9:30:00 AM,179105629,442865.75,1771463000.0,442865.75
4/30/2024 9:45:00 AM,179105629,408482.56,1633930240.0,408482.56
4/30/2024 10:00:00 AM,179105629,388551.66,1554206640.0,388551.66
4/30/2024 10:15:00 AM,179105629,363746.69,1454986760.0,363746.69
4/30/2024 10:30:00 AM,179105629,392049.0,1568196000.0,392049.0
4/30/2024 10:45:00 AM,179105629,433076.81,1732307240.0,433076.81
4/30/2024 11:00:00 AM,179105629,381128.66,1524514640.0,381128.66
4/30/2024 11:15:00 AM,179105629,413845.56,1655382240.0,413845.56
4/30/2024 11:30:00 AM,179105629,430462.31,1721849240.0,430462.31
4/30/2024 11:45:00 AM,179105629,409493.53,1637974120.0,409493.53
4/30/2024 12:00:00 PM,179105629,436150.44,1744601760.0,436150.44
4/30/2024 12:15:00 AM,179105932,46627.77,186511080.0,46627.77
4/30/2024 12:30:00 AM,179105932,44129.81,176519240.0,44129.81
4/30/2024 12:45:00 AM,179105932,43231.41,172925640.0,43231.41
4/30/2024 1:00:00 AM,179105932,43078.09,172312360.0,43078.09
4/30/2024 1:15:00 AM,179105932,43141.71,172566840.0,43141.71
4/30/2024 1:30:00 AM,179105932,44640.62,178562480.0,44640.62
4/30/2024 1:45:00 AM,179105932,45085.45,180341800.0,45085.45
4/30/2024 2:00:00 AM,179105932,45836.1,183344400.0,45836.1
4/30/2024 2:15:00 AM,179105932,46431.89,185727560.0,46431.89
4/30/2024 2:30:00 AM,179105932,44001.29,176005160.0,44001.29
4/30/2024 2:45:00 AM,179105932,43834.75,175339000.0,43834.75
4/30/2024 3:00:00 AM,179105932,42870.73,171482920.0,42870.73
4/30/2024 3:15:00 AM,179105932,43844.99,175379960.0,43844.99
4/30/2024 3:30:00 AM,179105932,44209.47,176837880.0,44209.47
4/30/2024 3:45:00 AM,179105932,44858.99,179435960.0,44858.99
4/30/2024 4:00:00 AM,179105932,44582.04,178328160.0,44582.04
4/30/2024 4:15:00 AM,179105932,44276.14,177104560.0,44276.14
4/30/2024 4:30:00 AM,179105932,43973.02,175892080.0,43973.02
4/30/2024 4:45:00 AM,179105932,43071.83,172287320.0,43071.83
4/30/2024 5:00:00 AM,179105932,42076.72,168306880.0,42076.72
4/30/2024 5:15:00 AM,179105932,44685.48,178741920.0,44685.48
4/30/2024 5:30:00 AM,179105932,50960.98,203843920.0,50960.98
4/30/2024 5:45:00 AM,179105932,49263.54,197054160.0,49263.54
4/30/2024 6:00:00 AM,179105932,65308.08,261232320.0,65308.08
4/30/2024 6:15:00 AM,179105932,300281.53,1201126120.0,300281.53
4/30/2024 6:30:00 AM,179105932,260338.5,1041354000.0,260338.5
4/30/2024 6:45:00 AM,179105932,167913.67,671654680.0,167913.67
4/30/2024 7:00:00 AM,179105932,172948.72,691794880.0,172948.72
4/30/2024 7:15:00 AM,179105932,170664.19,682656760.0,170664.19
4/30/2024 7:30:00 AM,179105932,169572.11,678288440.0,169572.11
4/30/2024 7:45:00 AM,179105932,179386.08,717544320.0,179386.08
4/30/2024 8:00:00 AM,179105932,193286.69,773146760.0,193286.69
4/30/2024 8:15:00 AM,179105932,195685.81,782743240.0,195685.81
4/30/2024 8:30:00 AM,179105932,203835.28,815341120.0,203835.28
4/30/2024 8:45:00 AM,179105932,203745.97,814983880.0,203745.97
4/30/2024 9:00:00 AM,179105932,219316.48,877265920.0,219316.48
4/30/2024 9:15:00 AM,179105932,213673.44,854693760.0,213673.44
4/30/2024 9:30:00 AM,179105932,213299.53,853198120.0,213299.53
4/30/2024 9:45:00 AM,179105932,218301.23,873204920.0,218301.23
4/30/2024 10:00:00 AM,179105932,221507.64,886030560.0,221507.64
4/30/2024 10:15:00 AM,179105932,221059.75,884239000.0,221059.75
4/30/2024 10:30:00 AM,179105932,220129.2,880516800.0,220129.2
4/30/2024 10:45:00 AM,179105932,217380.95,869523800.0,217380.95
4/30/2024 11:00:00 AM,179105932,221538.73,886154920.0,221538.73
4/30/2024 11:15:00 AM,179105932,214223.52,856894080.0,214223.52
4/30/2024 11:30:00 AM,179105932,221295.59,885182360.0,221295.59
4/30/2024 11:45:00 AM,179105932,221392.47,885569880.0,221392.47
4/30/2024 12:00:00 PM,179105932,217094.39,868377560.0,217094.39
4/30/2024 12:15:00 AM,179106226,10961.56,43846240.0,10961.56
4/30/2024 12:30:00 AM,179106226,10706.5,42826000.0,10706.5
4/30/2024 12:45:00 AM,179106226,11028.24,44112960.0,11028.24
4/30/2024 1:00:00 AM,179106226,10636.99,42547960.0,10636.99
4/30/2024 1:15:00 AM,179106226,10838.35,43353400.0,10838.35
4/30/2024 1:30:00 AM,179106226,10620.5,42482000.0,10620.5
4/30/2024 1:45:00 AM,179106226,10910.52,43642080.0,10910.52
4/30/2024 2:00:00 AM,179106226,11299.27,45197080.0,11299.27
4/30/2024 2:15:00 AM,179106226,13606.55,54426200.0,13606.55
4/30/2024 2:30:00 AM,179106226,10712.88,42851520.0,10712.88
4/30/2024 2:45:00 AM,179106226,10590.56,42362240.0,10590.56
4/30/2024 3:00:00 AM,179106226,11185.17,44740680.0,11185.17
4/30/2024 3:15:00 AM,179106226,10774.12,43096480.0,10774.12
4/30/2024 3:30:00 AM,179106226,10783.49,43133960.0,10783.49
4/30/2024 3:45:00 AM,179106226,10650.89,42603560.0,10650.89
4/30/2024 4:00:00 AM,179106226,10324.67,41298680.0,10324.67
4/30/2024 4:15:00 AM,179106226,10227.78,40911120.0,10227.78
4/30/2024 4:30:00 AM,179106226,10357.03,41428120.0,10357.03
4/30/2024 4:45:00 AM,179106226,10667.0,42668000.0,10667.0
4/30/2024 5:00:00 AM,179106226,10165.14,40660560.0,10165.14
4/30/2024 5:15:00 AM,179106226,10481.08,41924320.0,10481.08
4/30/2024 5:30:00 AM,179106226,10296.79,41187160.0,10296.79
4/30/2024 5:45:00 AM,179106226,10070.03,40280120.0,10070.03
4/30/2024 6:00:00 AM,179106226,11765.09,47060360.0,11765.09
4/30/2024 6:15:00 AM,179106226,12860.86,51443440.0,12860.86
4/30/2024 6:30:00 AM,179106226,22994.83,91979320.0,22994.83
4/30/2024 6:45:00 AM,179106226,44766.26,179065040.0,44766.26
4/30/2024 7:00:00 AM,179106226,39641.07,158564280.0,39641.07
4/30/2024 7:15:00 AM,179106226,32381.14,129524560.0,32381.14
4/30/2024 7:30:00 AM,179106226,26154.95,104619800.0,26154.95
4/30/2024 7:45:00 AM,179106226,23906.66,95626640.0,23906.66
4/30/2024 8:00:00 AM,179106226,21983.8,87935200.0,21983.8
4/30/2024 8:15:00 AM,179106226,21567.79,86271160.0,21567.79
4/30/2024 8:30:00 AM,179106226,22709.07,90836280.0,22709.07
4/30/2024 8:45:00 AM,179106226,23093.05,92372200.0,23093.05
4/30/2024 9:00:00 AM,179106226,26434.44,105737760.0,26434.44
4/30/2024 9:15:00 AM,179106226,27402.27,109609080.0,27402.27
4/30/2024 9:30:00 AM,179106226,28296.74,113186960.0,28296.74
4/30/2024 9:45:00 AM,179106226,27822.74,111290960.0,27822.74
4/30/2024 10:00:00 AM,179106226,27942.15,111768600.0,27942.15
4/30/2024 10:15:00 AM,179106226,28830.59,115322360.0,28830.59
4/30/2024 10:30:00 AM,179106226,30493.13,121972520.0,30493.13
4/30/2024 10:45:00 AM,179106226,29174.9,116699600.0,29174.9
4/30/2024 11:00:00 AM,179106226,27855.74,111422960.0,27855.74
4/30/2024 11:15:00 AM,179106226,29361.29,117445160.0,29361.29
4/30/2024 11:30:00 AM,179106226,27416.13,109664520.0,27416.13
4/30/2024 11:45:00 AM,179106226,27754.4,111017600.0,27754.4
4/30/2024 12:00:00 PM,179106226,27478.7,109914800.0,27478.7
4/30/2024 12:15:00 AM,179106933,,,
4/30/2024 12:30:00 AM,179106933,,,
4/30/2024 12:45:00 AM,179106933,,,
4/30/2024 1:00:00 AM,179106933,,,
4/30/2024 1:15:00 AM,179106933,,,
4/30/2024 1:30:00 AM,179106933,,,
4/30/2024 1:45:00 AM,179106933,,,
4/30/2024 2:00:00 AM,179106933,,,
4/30/2024 2:15:00 AM,179106933,,,
4/30/2024 2:30:00 AM,179106933,,,
4/30/2024 2:45:00 AM,179106933,,,
4/30/2024 3:00:00 AM,179106933,,,
4/30/2024 3:15:00 AM,179106933,,,
4/30/2024 3:30:00 AM,179106933,,,
4/30/2024 3:45:00 AM,179106933,,,
4/30/2024 4:00:00 AM,179106933,,,
4/30/2024 4:15:00 AM,179106933,,,
4/30/2024 4:30:00 AM,179106933,,,
4/30/2024 4:45:00 AM,179106933,,,
4/30/2024 5:00:00 AM,179106933,,,
4/30/2024 5:15:00 AM,179106933,,,
4/30/2024 5:30:00 AM,179106933,,,
4/30/2024 5:45:00 AM,179106933,,,
4/30/2024 6:00:00 AM,179106933,,,
4/30/2024 6:15:00 AM,179106933,,,
4/30/2024 6:30:00 AM,179106933,,,
4/30/2024 6:45:00 AM,179106933,,,
4/30/2024 7:00:00 AM,179106933,,,
4/30/2024 7:15:00 AM,179106933,,,
4/30/2024 7:30:00 AM,179106933,,,
4/30/2024 7:45:00 AM,179106933,,,
4/30/2024 8:00:00 AM,179106933,,,
4/30/2024 8:15:00 AM,179106933,,,
4/30/2024 8:30:00 AM,179106933,,,
4/30/2024 8:45:00 AM,179106933,,,
4/30/2024 9:00:00 AM,179106933,,,
4/30/2024 9:15:00 AM,179106933,,,
4/30/2024 9:30:00 AM,179106933,,,
4/30/2024 9:45:00 AM,179106933,,,
4/30/2024 10:00:00 AM,179106933,,,
4/30/2024 10:15:00 AM,179106933,,,
4/30/2024 10:30:00 AM,179106933,,,
4/30/2024 10:45:00 AM,179106933,,,
4/30/2024 11:00:00 AM,179106933,,,
4/30/2024 11:15:00 AM,179106933,,,
4/30/2024 11:30:00 AM,179106933,,,
4/30/2024 11:45:00 AM,179106933,,,
4/30/2024 12:00:00 PM,179106933,,,
4/30/2024 12:15:00 AM,179107328,70052.64,280210560.0,70052.64
4/30/2024 12:30:00 AM,179107328,67453.17,269812680.0,67453.17
4/30/2024 12:45:00 AM,179107328,67129.92,268519680.0,67129.92
4/30/2024 1:00:00 AM,179107328,63883.78,255535120.0,63883.78
4/30/2024 1:15:00 AM,179107328,70307.19,281228760.0,70307.19
4/30/2024 1:30:00 AM,179107328,63904.64,255618560.0,63904.64
4/30/2024 1:45:00 AM,179107328,66932.39,267729560.0,66932.39
4/30/2024 2:00:00 AM,179107328,68587.93,274351720.0,68587.93
4/30/2024 2:15:00 AM,179107328,70610.77,282443080.0,70610.77
4/30/2024 2:30:00 AM,179107328,70101.57,280406280.0,70101.57
4/30/2024 2:45:00 AM,179107328,67394.53,269578120.0,67394.53
4/30/2024 3:00:00 AM,179107328,67739.62,270958480.0,67739.62
4/30/2024 3:15:00 AM,179107328,69691.35,278765400.0,69691.35
4/30/2024 3:30:00 AM,179107328,70266.58,281066320.0,70266.58
4/30/2024 3:45:00 AM,179107328,70290.98,281163920.0,70290.98
4/30/2024 4:00:00 AM,179107328,70587.98,282351920.0,70587.98
4/30/2024 4:15:00 AM,179107328,70710.84,282843360.0,70710.84
4/30/2024 4:30:00 AM,179107328,70349.34,281397360.0,70349.34
4/30/2024 4:45:00 AM,179107328,69792.67,279170680.0,69792.67
4/30/2024 5:00:00 AM,179107328,71047.92,284191680.0,71047.92
4/30/2024 5:15:00 AM,179107328,69965.78,279863120.0,69965.78
4/30/2024 5:30:00 AM,179107328,69564.13,278256520.0,69564.13
4/30/2024 5:45:00 AM,179107328,69813.16,279252640.0,69813.16
4/30/2024 6:00:00 AM,179107328,70813.55,283254200.0,70813.55
4/30/2024 6:15:00 AM,179107328,69346.78,277387120.0,69346.78
4/30/2024 6:30:00 AM,179107328,69602.44,278409760.0,69602.44
4/30/2024 6:45:00 AM,179107328,69469.55,277878200.0,69469.55
4/30/2024 7:00:00 AM,179107328,70630.63,282522520.0,70630.63
4/30/2024 7:15:00 AM,179107328,70879.72,283518880.0,70879.72
4/30/2024 7:30:00 AM,179107328,79138.55,316554200.0,79138.55
4/30/2024 7:45:00 AM,179107328,80746.39,322985560.0,80746.39
4/30/2024 8:00:00 AM,179107328,80094.16,320376640.0,80094.16
4/30/2024 8:15:00 AM,179107328,84152.34,336609360.0,84152.34
4/30/2024 8:30:00 AM,179107328,83436.2,333744800.0,83436.2
4/30/2024 8:45:00 AM,179107328,85569.59,342278360.0,85569.59
4/30/2024 9:00:00 AM,179107328,83315.53,333262120.0,83315.53
4/30/2024 9:15:00 AM,179107328,78618.13,314472520.0,78618.13
4/30/2024 9:30:00 AM,179107328,82558.37,330233480.0,82558.37
4/30/2024 9:45:00 AM,179107328,87761.02,351044080.0,87761.02
4/30/2024 10:00:00 AM,179107328,88074.95,352299800.0,88074.95
4/30/2024 10:15:00 AM,179107328,84976.18,339904720.0,84976.18
4/30/2024 10:30:00 AM,179107328,87910.64,351642560.0,87910.64
4/30/2024 10:45:00 AM,179107328,86313.03,345252120.0,86313.03
4/30/2024 11:00:00 AM,179107328,78758.45,315033800.0,78758.45
4/30/2024 11:15:00 AM,179107328,82793.01,331172040.0,82793.01
4/30/2024 11:30:00 AM,179107328,80210.96,320843840.0,80210.96
4/30/2024 11:45:00 AM,179107328,79050.22,316200880.0,79050.22
4/30/2024 12:00:00 PM,179107328,79103.89,316415560.0,79103.89
4/30/2024 12:15:00 AM,247822025,43767.05,175068200.0,43767.05
4/30/2024 12:30:00 AM,247822025,42310.59,169242360.0,42310.59
4/30/2024 12:45:00 AM,247822025,42187.13,168748520.0,42187.13
4/30/2024 1:00:00 AM,247822025,42766.21,171064840.0,42766.21
4/30/2024 1:15:00 AM,247822025,42297.0,169188000.0,42297.0
4/30/2024 1:30:00 AM,247822025,42725.92,170903680.0,42725.92
4/30/2024 1:45:00 AM,247822025,42411.43,169645720.0,42411.43
4/30/2024 2:00:00 AM,247822025,44039.76,176159040.0,44039.76
4/30/2024 2:15:00 AM,247822025,22044.4,88177600.0,22044.4
4/30/2024 2:30:00 AM,247822025,22284.72,89138880.0,22284.72
4/30/2024 2:45:00 AM,247822025,21841.35,87365400.0,21841.35
4/30/2024 3:00:00 AM,247822025,21917.31,87669240.0,21917.31
4/30/2024 3:15:00 AM,247822025,21423.8,85695200.0,21423.8
4/30/2024 3:30:00 AM,247822025,21293.13,85172520.0,21293.13
4/30/2024 3:45:00 AM,247822025,21438.93,85755720.0,21438.93
4/30/2024 4:00:00 AM,247822025,21048.84,84195360.0,21048.84
4/30/2024 4:15:00 AM,247822025,19948.84,79795360.0,19948.84
4/30/2024 4:30:00 AM,247822025,20299.97,81199880.0,20299.97
4/30/2024 4:45:00 AM,247822025,20043.79,80175160.0,20043.79
4/30/2024 5:00:00 AM,247822025,20024.62,80098480.0,20024.62
4/30/2024 5:15:00 AM,247822025,19847.48,79389920.0,19847.48
4/30/2024 5:30:00 AM,247822025,20114.85,80459400.0,20114.85
4/30/2024 5:45:00 AM,247822025,23804.41,95217640.0,23804.41
4/30/2024 6:00:00 AM,247822025,19971.36,79885440.0,19971.36
4/30/2024 6:15:00 AM,247822025,24142.69,96570760.0,24142.69
4/30/2024 6:30:00 AM,247822025,20501.67,82006680.0,20501.67
4/30/2024 6:45:00 AM,247822025,24057.62,96230480.0,24057.62
4/30/2024 7:00:00 AM,247822025,20100.69,80402760.0,20100.69
4/30/2024 7:15:00 AM,247822025,19959.04,79836160.0,19959.04
4/30/2024 7:30:00 AM,247822025,20223.01,80892040.0,20223.01
4/30/2024 7:45:00 AM,247822025,20095.32,80381280.0,20095.32
4/30/2024 8:00:00 AM,247822025,20015.94,80063760.0,20015.94
4/30/2024 8:15:00 AM,247822025,20244.22,80976880.0,20244.22
4/30/2024 8:30:00 AM,247822025,19853.87,79415480.0,19853.87
4/30/2024 8:45:00 AM,247822025,20288.81,81155240.0,20288.81
4/30/2024 9:00:00 AM,247822025,24889.07,99556280.0,24889.07
4/30/2024 9:15:00 AM,247822025,20551.66,82206640.0,20551.66
4/30/2024 9:30:00 AM,247822025,22944.8,91779200.0,22944.8
4/30/2024 9:45:00 AM,247822025,23060.22,92240880.0,23060.22
4/30/2024 10:00:00 AM,247822025,25222.34,100889360.0,25222.34
4/30/2024 10:15:00 AM,247822025,25623.12,102492480.0,25623.12
4/30/2024 10:30:00 AM,247822025,24619.54,98478160.0,24619.54
4/30/2024 10:45:00 AM,247822025,28654.57,114618280.0,28654.57
4/30/2024 11:00:00 AM,247822025,41706.17,166824680.0,41706.17
4/30/2024 11:15:00 AM,247822025,41433.77,165735080.0,41433.77
4/30/2024 11:30:00 AM,247822025,42621.2,170484800.0,42621.2
4/30/2024 11:45:00 AM,247822025,42029.38,168117520.0,42029.38
4/30/2024 12:00:00 PM,247822025,41843.09,167372360.0,41843.09
