datetime,meter_id,meter_reading,kilowatts,kWh
4/30/2024 12:15:00 AM,179101524,29737.42,29.737419999999997,7.434354999999999
4/30/2024 12:30:00 AM,179101524,29905.67,29.905669999999997,7.476417499999999
4/30/2024 12:45:00 AM,179101524,30078.67,30.07867,7.5196675
4/30/2024 1:00:00 AM,179101524,29619.59,29.61959,7.4048975
4/30/2024 1:15:00 AM,179101524,29877.85,29.87785,7.4694625
4/30/2024 1:30:00 AM,179101524,29920.65,29.920650000000002,7.4801625000000005
4/30/2024 1:45:00 AM,179101524,29666.95,29.66695,7.4167375
4/30/2024 2:00:00 AM,179101524,30133.48,30.13348,7.53337
4/30/2024 2:15:00 AM,179101524,30361.59,30.36159,7.5903975
4/30/2024 2:30:00 AM,179101524,30338.31,30.33831,7.5845775
4/30/2024 2:45:00 AM,179101524,30731.18,30.731180000000002,7.6827950000000005
4/30/2024 3:00:00 AM,179101524,30518.71,30.51871,7.6296775
4/30/2024 3:15:00 AM,179101524,31252.29,31.252290000000002,7.8130725000000005
4/30/2024 3:30:00 AM,179101524,30448.02,30.44802,7.612005
4/30/2024 3:45:00 AM,179101524,30471.83,30.47183,7.6179575
4/30/2024 4:00:00 AM,179101524,30127.11,30.127110000000002,7.5317775000000005
4/30/2024 4:15:00 AM,179101524,29637.2,29.6372,7.4093
4/30/2024 4:30:00 AM,179101524,29421.92,29.421919999999997,7.355479999999999
4/30/2024 4:45:00 AM,179101524,29560.36,29.56036,7.39009
4/30/2024 5:00:00 AM,179101524,32142.07,32.14207,8.0355175
4/30/2024 5:15:00 AM,179101524,34695.91,34.695910000000005,8.673977500000001
4/30/2024 5:30:00 AM,179101524,36477.68,36.47768,9.11942
4/30/2024 5:45:00 AM,179101524,36432.48,36.432480000000005,9.108120000000001
4/30/2024 6:00:00 AM,179101524,36149.51,36.14951,9.0373775
4/30/2024 6:15:00 AM,179101524,35750.6,35.7506,8.93765
4/30/2024 6:30:00 AM,179101524,41141.61,41.14161,10.2854025
4/30/2024 6:45:00 AM,179101524,41618.7,41.6187,10.404675
4/30/2024 7:00:00 AM,179101524,40814.7,40.814699999999995,10.203674999999999
4/30/2024 7:15:00 AM,179101524,40271.29,40.27129,10.0678225
4/30/2024 7:30:00 AM,179101524,40860.94,40.86094,10.215235
4/30/2024 7:45:00 AM,179101524,41917.32,41.91732,10.47933
4/30/2024 8:00:00 AM,179101524,44173.99,44.173989999999996,11.043497499999999
4/30/2024 8:15:00 AM,179101524,43516.09,43.51609,10.8790225
4/30/2024 8:30:00 AM,179101524,43072.29,43.07229,10.7680725
4/30/2024 8:45:00 AM,179101524,42823.71,42.82371,10.7059275
4/30/2024 9:00:00 AM,179101524,43028.59,43.028589999999994,10.757147499999999
4/30/2024 9:15:00 AM,179101524,43006.73,43.006730000000005,10.751682500000001
4/30/2024 9:30:00 AM,179101524,47826.09,47.82608999999999,11.956522499999998
4/30/2024 9:45:00 AM,179101524,44467.62,44.467620000000004,11.116905000000001
4/30/2024 10:00:00 AM,179101524,45958.9,45.9589,11.489725
4/30/2024 10:15:00 AM,179101524,45505.31,45.505309999999994,11.376327499999999
4/30/2024 10:30:00 AM,179101524,45574.8,45.5748,11.3937
4/30/2024 10:45:00 AM,179101524,45850.46,45.85046,11.462615
4/30/2024 11:00:00 AM,179101524,45274.25,45.27425,11.3185625
4/30/2024 11:15:00 AM,179101524,45672.93,45.67293,11.4182325
4/30/2024 11:30:00 AM,179101524,45675.74,45.67574,11.418935
4/30/2024 11:45:00 AM,179101524,46171.46,46.171459999999996,11.542864999999999
4/30/2024 12:00:00 PM,179101524,47235.01,47.23501,11.8087525
4/30/2024 12:15:00 AM,179101928,23513.21,23.51321,5.8783025
4/30/2024 12:30:00 AM,179101928,23044.94,23.04494,5.761235
4/30/2024 12:45:00 AM,179101928,22190.35,22.19035,5.5475875
4/30/2024 1:00:00 AM,179101928,8893.29,8.89329,2.2233225
4/30/2024 1:15:00 AM,179101928,8985.09,8.98509,2.2462725
4/30/2024 1:30:00 AM,179101928,8946.35,8.94635,2.2365875
4/30/2024 1:45:00 AM,179101928,22409.14,22.40914,5.602285
4/30/2024 2:00:00 AM,179101928,22349.09,22.34909,5.5872725
4/30/2024 2:15:00 AM,179101928,22662.79,22.66279,5.6656975
4/30/2024 2:30:00 AM,179101928,8937.87,8.93787,2.2344675
4/30/2024 2:45:00 AM,179101928,8958.1,8.9581,2.239525
4/30/2024 3:00:00 AM,179101928,8878.34,8.87834,2.219585
4/30/2024 3:15:00 AM,179101928,8985.59,8.98559,2.2463975
4/30/2024 3:30:00 AM,179101928,22190.31,22.19031,5.5475775
4/30/2024 3:45:00 AM,179101928,22236.79,22.23679,5.5591975
4/30/2024 4:00:00 AM,179101928,9375.57,9.37557,2.3438925
4/30/2024 4:15:00 AM,179101928,9311.86,9.311860000000001,2.3279650000000003
4/30/2024 4:30:00 AM,179101928,9597.89,9.59789,2.3994725
4/30/2024 4:45:00 AM,179101928,9558.0,9.558,2.3895
4/30/2024 5:00:00 AM,179101928,22347.83,22.347830000000002,5.5869575000000005
4/30/2024 5:15:00 AM,179101928,22133.51,22.133509999999998,5.533377499999999
4/30/2024 5:30:00 AM,179101928,9439.26,9.43926,2.359815
4/30/2024 5:45:00 AM,179101928,9080.8,9.0808,2.2702
4/30/2024 6:00:00 AM,179101928,20152.51,20.15251,5.0381275
4/30/2024 6:15:00 AM,179101928,21060.24,21.06024,5.26506
4/30/2024 6:30:00 AM,179101928,8105.05,8.10505,2.0262625
4/30/2024 6:45:00 AM,179101928,8302.9,8.3029,2.075725
4/30/2024 7:00:00 AM,179101928,8380.61,8.38061,2.0951525
4/30/2024 7:15:00 AM,179101928,9555.29,9.555290000000001,2.3888225000000003
4/30/2024 7:30:00 AM,179101928,20842.05,20.84205,5.2105125
4/30/2024 7:45:00 AM,179101928,21643.32,21.64332,5.41083
4/30/2024 8:00:00 AM,179101928,8883.63,8.883629999999998,2.2209074999999996
4/30/2024 8:15:00 AM,179101928,9741.83,9.74183,2.4354575
4/30/2024 8:30:00 AM,179101928,8867.43,8.86743,2.2168575
4/30/2024 8:45:00 AM,179101928,9230.48,9.23048,2.30762
4/30/2024 9:00:00 AM,179101928,22269.11,22.26911,5.5672775
4/30/2024 9:15:00 AM,179101928,21949.06,21.949060000000003,5.487265000000001
4/30/2024 9:30:00 AM,179101928,23853.41,23.85341,5.9633525
4/30/2024 9:45:00 AM,179101928,23625.04,23.625040000000002,5.9062600000000005
4/30/2024 10:00:00 AM,179101928,29439.07,29.43907,7.3597675
4/30/2024 10:15:00 AM,179101928,14044.75,14.04475,3.5111875
4/30/2024 10:30:00 AM,179101928,29161.36,29.161360000000002,7.2903400000000005
4/30/2024 10:45:00 AM,179101928,29414.13,29.41413,7.3535325
4/30/2024 11:00:00 AM,179101928,29477.88,29.477880000000003,7.369470000000001
4/30/2024 11:15:00 AM,179101928,29210.21,29.21021,7.3025525
4/30/2024 11:30:00 AM,179101928,27829.75,27.82975,6.9574375
4/30/2024 11:45:00 AM,179101928,13943.91,13.94391,3.4859775
4/30/2024 12:00:00 PM,179101928,26511.73,26.51173,6.6279325
4/30/2024 12:15:00 AM,179102121,,,
4/30/2024 12:30:00 AM,179102121,,,
4/30/2024 12:45:00 AM,179102121,,,
4/30/2024 1:00:00 AM,179102121,,,
4/30/2024 1:15:00 AM,179102121,,,
4/30/2024 1:30:00 AM,179102121,,,
4/30/2024 1:45:00 AM,179102121,,,
4/30/2024 2:00:00 AM,179102121,,,
4/30/2024 2:15:00 AM,179102121,,,
4/30/2024 2:30:00 AM,179102121,,,
4/30/2024 2:45:00 AM,179102121,,,
4/30/2024 3:00:00 AM,179102121,,,
4/30/2024 3:15:00 AM,179102121,,,
4/30/2024 3:30:00 AM,179102121,,,
4/30/2024 3:45:00 AM,179102121,,,
4/30/2024 4:00:00 AM,179102121,,,
4/30/2024 4:15:00 AM,179102121,,,
4/30/2024 4:30:00 AM,179102121,,,
4/30/2024 4:45:00 AM,179102121,,,
4/30/2024 5:00:00 AM,179102121,,,
4/30/2024 5:15:00 AM,179102121,,,
4/30/2024 5:30:00 AM,179102121,,,
4/30/2024 5:45:00 AM,179102121,,,
4/30/2024 6:00:00 AM,179102121,,,
4/30/2024 6:15:00 AM,179102121,,,
4/30/2024 6:30:00 AM,179102121,,,
4/30/2024 6:45:00 AM,179102121,,,
4/30/2024 7:00:00 AM,179102121,,,
4/30/2024 7:15:00 AM,179102121,,,
4/30/2024 7:30:00 AM,179102121,,,
4/30/2024 7:45:00 AM,179102121,,,
4/30/2024 8:00:00 AM,179102121,,,
4/30/2024 8:15:00 AM,179102121,,,
4/30/2024 8:30:00 AM,179102121,,,
4/30/2024 8:45:00 AM,179102121,,,
4/30/2024 9:00:00 AM,179102121,,,
4/30/2024 9:15:00 AM,179102121,,,
4/30/2024 9:30:00 AM,179102121,,,
4/30/2024 9:45:00 AM,179102121,,,
4/30/2024 10:00:00 AM,179102121,,,
4/30/2024 10:15:00 AM,179102121,,,
4/30/2024 10:30:00 AM,179102121,,,
4/30/2024 10:45:00 AM,179102121,,,
4/30/2024 11:00:00 AM,179102121,,,
4/30/2024 11:15:00 AM,179102121,,,
4/30/2024 11:30:00 AM,179102121,,,
4/30/2024 11:45:00 AM,179102121,,,
4/30/2024 12:00:00 PM,179102121,,,
4/30/2024 12:15:00 AM,179102424,18464.04,18.46404,4.61601
4/30/2024 12:30:00 AM,179102424,17559.95,17.55995,4.3899875
4/30/2024 12:45:00 AM,179102424,17692.54,17.69254,4.423135
4/30/2024 1:00:00 AM,179102424,17555.6,17.5556,4.3889
4/30/2024 1:15:00 AM,179102424,17917.8,17.9178,4.47945
4/30/2024 1:30:00 AM,179102424,17610.21,17.61021,4.4025525
4/30/2024 1:45:00 AM,179102424,18342.3,18.342299999999998,4.5855749999999995
4/30/2024 2:00:00 AM,179102424,18033.72,18.033720000000002,4.508430000000001
4/30/2024 2:15:00 AM,179102424,18053.07,18.053069999999998,4.5132674999999995
4/30/2024 2:30:00 AM,179102424,17931.3,17.9313,4.482825
4/30/2024 2:45:00 AM,179102424,17606.94,17.606939999999998,4.4017349999999995
4/30/2024 3:00:00 AM,179102424,18095.34,18.09534,4.523835
4/30/2024 3:15:00 AM,179102424,17553.96,17.55396,4.38849
4/30/2024 3:30:00 AM,179102424,17627.38,17.627380000000002,4.406845000000001
4/30/2024 3:45:00 AM,179102424,17418.67,17.41867,4.3546675
4/30/2024 4:00:00 AM,179102424,17474.22,17.474220000000003,4.368555000000001
4/30/2024 4:15:00 AM,179102424,17645.04,17.64504,4.41126
4/30/2024 4:30:00 AM,179102424,17734.41,17.73441,4.4336025
4/30/2024 4:45:00 AM,179102424,17592.76,17.59276,4.39819
4/30/2024 5:00:00 AM,179102424,17839.09,17.83909,4.4597725
4/30/2024 5:15:00 AM,179102424,17416.98,17.41698,4.354245
4/30/2024 5:30:00 AM,179102424,17629.14,17.62914,4.407285
4/30/2024 5:45:00 AM,179102424,18819.99,18.81999,4.7049975
4/30/2024 6:00:00 AM,179102424,19374.23,19.37423,4.8435575
4/30/2024 6:15:00 AM,179102424,57306.93,57.30693,14.3267325
4/30/2024 6:30:00 AM,179102424,37771.3,37.771300000000004,9.442825000000001
4/30/2024 6:45:00 AM,179102424,40488.83,40.48883,10.1222075
4/30/2024 7:00:00 AM,179102424,40863.52,40.863519999999994,10.215879999999999
4/30/2024 7:15:00 AM,179102424,40930.59,40.930589999999995,10.232647499999999
4/30/2024 7:30:00 AM,179102424,41991.05,41.99105,10.4977625
4/30/2024 7:45:00 AM,179102424,41703.44,41.70344,10.42586
4/30/2024 8:00:00 AM,179102424,43783.65,43.78365,10.9459125
4/30/2024 8:15:00 AM,179102424,73261.34,73.26133999999999,18.315334999999997
4/30/2024 8:30:00 AM,179102424,44894.57,44.89457,11.2236425
4/30/2024 8:45:00 AM,179102424,46501.06,46.501059999999995,11.625264999999999
4/30/2024 9:00:00 AM,179102424,49920.42,49.92042,12.480105
4/30/2024 9:15:00 AM,179102424,49529.34,49.52934,12.382335
4/30/2024 9:30:00 AM,179102424,52421.79,52.42179,13.1054475
4/30/2024 9:45:00 AM,179102424,50248.88,50.24888,12.56222
4/30/2024 10:00:00 AM,179102424,51419.6,51.419599999999996,12.854899999999999
4/30/2024 10:15:00 AM,179102424,49596.87,49.59687,12.3992175
4/30/2024 10:30:00 AM,179102424,48967.19,48.96719,12.2417975
4/30/2024 10:45:00 AM,179102424,49815.17,49.815169999999995,12.453792499999999
4/30/2024 11:00:00 AM,179102424,49226.28,49.226279999999996,12.306569999999999
4/30/2024 11:15:00 AM,179102424,49578.11,49.57811,12.3945275
4/30/2024 11:30:00 AM,179102424,48842.98,48.842980000000004,12.210745000000001
4/30/2024 11:45:00 AM,179102424,48854.29,48.85429,12.2135725
4/30/2024 12:00:00 PM,179102424,52276.36,52.276360000000004,13.069090000000001
4/30/2024 12:15:00 AM,179102626,78872.7,78.8727,19.718175
4/30/2024 12:30:00 AM,179102626,80964.64,80.96464,20.24116
4/30/2024 12:45:00 AM,179102626,77985.24,77.98524,19.49631
4/30/2024 1:00:00 AM,179102626,78992.65,78.99265,19.7481625
4/30/2024 1:15:00 AM,179102626,80264.53,80.26453,20.0661325
4/30/2024 1:30:00 AM,179102626,78239.88,78.23988,19.55997
4/30/2024 1:45:00 AM,179102626,77295.62,77.29562,19.323905
4/30/2024 2:00:00 AM,179102626,68127.41,68.12741,17.0318525
4/30/2024 2:15:00 AM,179102626,77257.35,77.25735,19.3143375
4/30/2024 2:30:00 AM,179102626,75645.31,75.64531,18.9113275
4/30/2024 2:45:00 AM,179102626,76617.04,76.61703999999999,19.154259999999997
4/30/2024 3:00:00 AM,179102626,76750.3,76.75030000000001,19.187575000000002
4/30/2024 3:15:00 AM,179102626,63202.3,63.2023,15.800575
4/30/2024 3:30:00 AM,179102626,76933.77,76.93377000000001,19.233442500000002
4/30/2024 3:45:00 AM,179102626,75984.49,75.98449000000001,18.996122500000002
4/30/2024 4:00:00 AM,179102626,79335.63,79.33563000000001,19.833907500000002
4/30/2024 4:15:00 AM,179102626,76269.2,76.2692,19.0673
4/30/2024 4:30:00 AM,179102626,78535.23,78.53523,19.6338075
4/30/2024 4:45:00 AM,179102626,82910.59,82.91059,20.7276475
4/30/2024 5:00:00 AM,179102626,76854.02,76.85402,19.213505
4/30/2024 5:15:00 AM,179102626,74898.66,74.89866,18.724665
4/30/2024 5:30:00 AM,179102626,114008.51,114.00851,28.5021275
4/30/2024 5:45:00 AM,179102626,115104.03,115.10403,28.7760075
4/30/2024 6:00:00 AM,179102626,115444.95,115.44494999999999,28.861237499999998
4/30/2024 6:15:00 AM,179102626,114349.95,114.34994999999999,28.587487499999998
4/30/2024 6:30:00 AM,179102626,114910.52,114.91052,28.72763
4/30/2024 6:45:00 AM,179102626,114480.7,114.4807,28.620175
4/30/2024 7:00:00 AM,179102626,115544.54,115.54454,28.886135
4/30/2024 7:15:00 AM,179102626,110394.84,110.39484,27.59871
4/30/2024 7:30:00 AM,179102626,77124.02,77.12402,19.281005
4/30/2024 7:45:00 AM,179102626,81111.09,81.11108999999999,20.277772499999998
4/30/2024 8:00:00 AM,179102626,78803.66,78.80366000000001,19.700915000000002
4/30/2024 8:15:00 AM,179102626,79584.45,79.58445,19.8961125
4/30/2024 8:30:00 AM,179102626,76966.77,76.96677000000001,19.241692500000003
4/30/2024 8:45:00 AM,179102626,82067.08,82.06708,20.51677
4/30/2024 9:00:00 AM,179102626,70800.05,70.80005,17.7000125
4/30/2024 9:15:00 AM,179102626,87144.4,87.14439999999999,21.786099999999998
4/30/2024 9:30:00 AM,179102626,96137.24,96.13724,24.03431
4/30/2024 9:45:00 AM,179102626,94112.68,94.11268,23.52817
4/30/2024 10:00:00 AM,179102626,94041.33,94.04133,23.5103325
4/30/2024 10:15:00 AM,179102626,94430.0,94.43,23.6075
4/30/2024 10:30:00 AM,179102626,86406.08,86.40608,21.60152
4/30/2024 10:45:00 AM,179102626,90223.47,90.22347,22.5558675
4/30/2024 11:00:00 AM,179102626,89184.66,89.18466000000001,22.296165000000002
4/30/2024 11:15:00 AM,179102626,89438.24,89.43824000000001,22.359560000000002
4/30/2024 11:30:00 AM,179102626,91218.34,91.21834,22.804585
4/30/2024 11:45:00 AM,179102626,90321.43,90.32142999999999,22.580357499999998
4/30/2024 12:00:00 PM,179102626,92569.8,92.5698,23.14245
4/30/2024 12:15:00 AM,179102828,59908.1,59.9081,14.977025
4/30/2024 12:30:00 AM,179102828,60249.12,60.249120000000005,15.062280000000001
4/30/2024 12:45:00 AM,179102828,58487.13,58.48713,14.6217825
4/30/2024 1:00:00 AM,179102828,57279.98,57.27998,14.319995
4/30/2024 1:15:00 AM,179102828,61388.36,61.38836,15.34709
4/30/2024 1:30:00 AM,179102828,58832.46,58.83246,14.708115
4/30/2024 1:45:00 AM,179102828,58063.87,58.06387,14.5159675
4/30/2024 2:00:00 AM,179102828,62467.32,62.46732,15.61683
4/30/2024 2:15:00 AM,179102828,58818.2,58.8182,14.70455
4/30/2024 2:30:00 AM,179102828,59183.75,59.18375,14.7959375
4/30/2024 2:45:00 AM,179102828,59933.07,59.93307,14.9832675
4/30/2024 3:00:00 AM,179102828,58460.08,58.460080000000005,14.615020000000001
4/30/2024 3:15:00 AM,179102828,58859.57,58.85957,14.7148925
4/30/2024 3:30:00 AM,179102828,58642.16,58.642160000000004,14.660540000000001
4/30/2024 3:45:00 AM,179102828,58041.83,58.041830000000004,14.510457500000001
4/30/2024 4:00:00 AM,179102828,58495.46,58.49546,14.623865
4/30/2024 4:15:00 AM,179102828,60366.11,60.36611,15.0915275
4/30/2024 4:30:00 AM,179102828,60034.96,60.03496,15.00874
4/30/2024 4:45:00 AM,179102828,57893.43,57.89343,14.4733575
4/30/2024 5:00:00 AM,179102828,57560.97,57.560970000000005,14.390242500000001
4/30/2024 5:15:00 AM,179102828,59625.93,59.62593,14.9064825
4/30/2024 5:30:00 AM,179102828,58692.81,58.692809999999994,14.673202499999999
4/30/2024 5:45:00 AM,179102828,41273.04,41.27304,10.31826
4/30/2024 6:00:00 AM,179102828,61361.18,61.36118,15.340295
4/30/2024 6:15:00 AM,179102828,62452.0,62.452,15.613
4/30/2024 6:30:00 AM,179102828,62490.83,62.49083,15.6227075
4/30/2024 6:45:00 AM,179102828,66411.88,66.41188000000001,16.602970000000003
4/30/2024 7:00:00 AM,179102828,65660.88,65.66088,16.41522
4/30/2024 7:15:00 AM,179102828,72576.5,72.5765,18.144125
4/30/2024 7:30:00 AM,179102828,76526.73,76.52673,19.1316825
4/30/2024 7:45:00 AM,179102828,75815.37,75.81537,18.9538425
4/30/2024 8:00:00 AM,179102828,82799.6,82.79960000000001,20.699900000000003
4/30/2024 8:15:00 AM,179102828,76641.72,76.64172,19.16043
4/30/2024 8:30:00 AM,179102828,73455.57,73.45557000000001,18.363892500000002
4/30/2024 8:45:00 AM,179102828,75856.28,75.85628,18.96407
4/30/2024 9:00:00 AM,179102828,94284.55,94.28455,23.5711375
4/30/2024 9:15:00 AM,179102828,88092.48,88.09248,22.02312
4/30/2024 9:30:00 AM,179102828,90525.33,90.52533,22.6313325
4/30/2024 9:45:00 AM,179102828,90985.52,90.98552000000001,22.746380000000002
4/30/2024 10:00:00 AM,179102828,94613.84,94.61384,23.65346
4/30/2024 10:15:00 AM,179102828,90351.85,90.35185,22.5879625
4/30/2024 10:30:00 AM,179102828,101164.58,101.16458,25.291145
4/30/2024 10:45:00 AM,179102828,89372.9,89.37289999999999,22.343224999999997
4/30/2024 11:00:00 AM,179102828,108373.47,108.37347,27.0933675
4/30/2024 11:15:00 AM,179102828,108065.45,108.06545,27.0163625
4/30/2024 11:30:00 AM,179102828,105000.09,105.00009,26.2500225
4/30/2024 11:45:00 AM,179102828,104365.96,104.36596,26.09149
4/30/2024 12:00:00 PM,179102828,113295.65,113.29565,28.3239125
4/30/2024 12:15:00 AM,179103021,18941.86,18.941860000000002,4.7354650000000005
4/30/2024 12:30:00 AM,179103021,20892.86,20.89286,5.223215
4/30/2024 12:45:00 AM,179103021,18886.6,18.886599999999998,4.7216499999999995
4/30/2024 1:00:00 AM,179103021,19572.6,19.572599999999998,4.8931499999999994
4/30/2024 1:15:00 AM,179103021,18964.7,18.9647,4.741175
4/30/2024 1:30:00 AM,179103021,16894.81,16.89481,4.2237025
4/30/2024 1:45:00 AM,179103021,19183.7,19.1837,4.795925
4/30/2024 2:00:00 AM,179103021,19813.56,19.813560000000003,4.953390000000001
4/30/2024 2:15:00 AM,179103021,16900.21,16.900209999999998,4.225052499999999
4/30/2024 2:30:00 AM,179103021,17623.84,17.62384,4.40596
4/30/2024 2:45:00 AM,179103021,20816.15,20.81615,5.2040375
4/30/2024 3:00:00 AM,179103021,18667.3,18.6673,4.666825
4/30/2024 3:15:00 AM,179103021,17538.92,17.538919999999997,4.384729999999999
4/30/2024 3:30:00 AM,179103021,19393.33,19.393330000000002,4.848332500000001
4/30/2024 3:45:00 AM,179103021,21435.34,21.43534,5.358835
4/30/2024 4:00:00 AM,179103021,22241.6,22.2416,5.5604
4/30/2024 4:15:00 AM,179103021,22708.93,22.70893,5.6772325
4/30/2024 4:30:00 AM,179103021,21036.63,21.036630000000002,5.259157500000001
4/30/2024 4:45:00 AM,179103021,22543.18,22.54318,5.635795
4/30/2024 5:00:00 AM,179103021,21603.42,21.60342,5.400855
4/30/2024 5:15:00 AM,179103021,22296.09,22.29609,5.5740225
4/30/2024 5:30:00 AM,179103021,20431.96,20.43196,5.10799
4/30/2024 5:45:00 AM,179103021,23011.93,23.01193,5.7529825
4/30/2024 6:00:00 AM,179103021,22267.11,22.26711,5.5667775
4/30/2024 6:15:00 AM,179103021,19768.78,19.76878,4.942195
4/30/2024 6:30:00 AM,179103021,21854.02,21.854020000000002,5.4635050000000005
4/30/2024 6:45:00 AM,179103021,20667.03,20.66703,5.1667575
4/30/2024 7:00:00 AM,179103021,22486.53,22.48653,5.6216325
4/30/2024 7:15:00 AM,179103021,26401.77,26.40177,6.6004425
4/30/2024 7:30:00 AM,179103021,23802.5,23.8025,5.950625
4/30/2024 7:45:00 AM,179103021,23704.88,23.70488,5.92622
4/30/2024 8:00:00 AM,179103021,26897.98,26.89798,6.724495
4/30/2024 8:15:00 AM,179103021,22763.53,22.76353,5.6908825
4/30/2024 8:30:00 AM,179103021,26673.6,26.673599999999997,6.668399999999999
4/30/2024 8:45:00 AM,179103021,21187.96,21.18796,5.29699
4/30/2024 9:00:00 AM,179103021,24998.93,24.99893,6.2497325
4/30/2024 9:15:00 AM,179103021,25301.38,25.30138,6.325345
4/30/2024 9:30:00 AM,179103021,25871.25,25.87125,6.4678125
4/30/2024 9:45:00 AM,179103021,29467.0,29.467,7.36675
4/30/2024 10:00:00 AM,179103021,27845.52,27.84552,6.96138
4/30/2024 10:15:00 AM,179103021,30876.54,30.876540000000002,7.7191350000000005
4/30/2024 10:30:00 AM,179103021,31538.92,31.538919999999997,7.884729999999999
4/30/2024 10:45:00 AM,179103021,31829.28,31.829279999999997,7.957319999999999
4/30/2024 11:00:00 AM,179103021,31245.17,31.245169999999998,7.8112924999999995
4/30/2024 11:15:00 AM,179103021,27303.49,27.30349,6.8258725
4/30/2024 11:30:00 AM,179103021,32075.69,32.07569,8.0189225
4/30/2024 11:45:00 AM,179103021,29358.04,29.358040000000003,7.339510000000001
4/30/2024 12:00:00 PM,179103021,31972.98,31.97298,7.993245
4/30/2024 12:15:00 AM,179103425,3781.16,3.78116,0.94529
4/30/2024 12:30:00 AM,179103425,692.27,0.6922699999999999,0.17306749999999999
4/30/2024 12:45:00 AM,179103425,683.85,0.6838500000000001,0.17096250000000002
4/30/2024 1:00:00 AM,179103425,676.18,0.67618,0.169045
4/30/2024 1:15:00 AM,179103425,1291.3,1.2913,0.322825
4/30/2024 1:30:00 AM,179103425,745.03,0.74503,0.1862575
4/30/2024 1:45:00 AM,179103425,738.28,0.7382799999999999,0.18456999999999998
4/30/2024 2:00:00 AM,179103425,729.89,0.72989,0.1824725
4/30/2024 2:15:00 AM,179103425,728.09,0.72809,0.1820225
4/30/2024 2:30:00 AM,179103425,660.56,0.6605599999999999,0.16513999999999998
4/30/2024 2:45:00 AM,179103425,659.69,0.6596900000000001,0.16492250000000003
4/30/2024 3:00:00 AM,179103425,658.96,0.65896,0.16474
4/30/2024 3:15:00 AM,179103425,744.74,0.74474,0.186185
4/30/2024 3:30:00 AM,179103425,730.85,0.73085,0.1827125
4/30/2024 3:45:00 AM,179103425,726.69,0.7266900000000001,0.18167250000000001
4/30/2024 4:00:00 AM,179103425,722.88,0.72288,0.18072
4/30/2024 4:15:00 AM,179103425,656.07,0.65607,0.1640175
4/30/2024 4:30:00 AM,179103425,655.42,0.65542,0.163855
4/30/2024 4:45:00 AM,179103425,654.34,0.65434,0.163585
4/30/2024 5:00:00 AM,179103425,3845.98,3.84598,0.961495
4/30/2024 5:15:00 AM,179103425,730.77,0.73077,0.1826925
4/30/2024 5:30:00 AM,179103425,730.12,0.73012,0.18253
4/30/2024 5:45:00 AM,179103425,723.67,0.7236699999999999,0.18091749999999998
4/30/2024 6:00:00 AM,179103425,2715.71,2.71571,0.6789275
4/30/2024 6:15:00 AM,179103425,1527.37,1.52737,0.3818425
4/30/2024 6:30:00 AM,179103425,1101.02,1.1010199999999999,0.27525499999999997
4/30/2024 6:45:00 AM,179103425,2254.9,2.2549,0.563725
4/30/2024 7:00:00 AM,179103425,4585.18,4.58518,1.146295
4/30/2024 7:15:00 AM,179103425,4568.39,4.56839,1.1420975
4/30/2024 7:30:00 AM,179103425,4963.52,4.963520000000001,1.2408800000000002
4/30/2024 7:45:00 AM,179103425,1132.91,1.13291,0.2832275
4/30/2024 8:00:00 AM,179103425,1138.24,1.13824,0.28456
4/30/2024 8:15:00 AM,179103425,1072.09,1.07209,0.2680225
4/30/2024 8:30:00 AM,179103425,1512.85,1.5128499999999998,0.37821249999999995
4/30/2024 8:45:00 AM,179103425,5405.35,5.40535,1.3513375
4/30/2024 9:00:00 AM,179103425,5453.07,5.453069999999999,1.3632674999999999
4/30/2024 9:15:00 AM,179103425,1525.13,1.52513,0.3812825
4/30/2024 9:30:00 AM,179103425,1491.81,1.4918099999999999,0.37295249999999996
4/30/2024 9:45:00 AM,179103425,1535.59,1.53559,0.3838975
4/30/2024 10:00:00 AM,179103425,1894.7,1.8947,0.473675
4/30/2024 10:15:00 AM,179103425,1641.94,1.64194,0.410485
4/30/2024 10:30:00 AM,179103425,1603.48,1.60348,0.40087
4/30/2024 10:45:00 AM,179103425,1594.17,1.59417,0.3985425
4/30/2024 11:00:00 AM,179103425,1646.84,1.6468399999999999,0.41170999999999996
4/30/2024 11:15:00 AM,179103425,4854.69,4.85469,1.2136725
4/30/2024 11:30:00 AM,179103425,758.65,0.7586499999999999,0.18966249999999998
4/30/2024 11:45:00 AM,179103425,755.59,0.75559,0.1888975
4/30/2024 12:00:00 PM,179103425,687.91,0.68791,0.1719775
4/30/2024 12:15:00 AM,179103728,29936.95,29.93695,7.4842375
4/30/2024 12:30:00 AM,179103728,29321.55,29.32155,7.3303875
4/30/2024 12:45:00 AM,179103728,29162.84,29.16284,7.29071
4/30/2024 1:00:00 AM,179103728,29517.69,29.517689999999998,7.3794224999999996
4/30/2024 1:15:00 AM,179103728,29315.09,29.31509,7.3287725
4/30/2024 1:30:00 AM,179103728,29135.33,29.135330000000003,7.283832500000001
4/30/2024 1:45:00 AM,179103728,29043.19,29.04319,7.2607975
4/30/2024 2:00:00 AM,179103728,29243.7,29.2437,7.310925
4/30/2024 2:15:00 AM,179103728,28840.19,28.84019,7.2100475
4/30/2024 2:30:00 AM,179103728,29680.2,29.6802,7.42005
4/30/2024 2:45:00 AM,179103728,28652.65,28.65265,7.1631625
4/30/2024 3:00:00 AM,179103728,29491.39,29.49139,7.3728475
4/30/2024 3:15:00 AM,179103728,32741.59,32.74159,8.1853975
4/30/2024 3:30:00 AM,179103728,29517.48,29.51748,7.37937
4/30/2024 3:45:00 AM,179103728,29076.0,29.076,7.269
4/30/2024 4:00:00 AM,179103728,29145.91,29.14591,7.2864775
4/30/2024 4:15:00 AM,179103728,36197.33,36.19733,9.0493325
4/30/2024 4:30:00 AM,179103728,28299.72,28.29972,7.07493
4/30/2024 4:45:00 AM,179103728,28795.94,28.795939999999998,7.1989849999999995
4/30/2024 5:00:00 AM,179103728,38285.3,38.2853,9.571325
4/30/2024 5:15:00 AM,179103728,28648.55,28.64855,7.1621375
4/30/2024 5:30:00 AM,179103728,28100.91,28.10091,7.0252275
4/30/2024 5:45:00 AM,179103728,28673.18,28.67318,7.168295
4/30/2024 6:00:00 AM,179103728,28510.84,28.51084,7.12771
4/30/2024 6:15:00 AM,179103728,81666.52,81.66652,20.41663
4/30/2024 6:30:00 AM,179103728,44501.84,44.501839999999994,11.125459999999999
4/30/2024 6:45:00 AM,179103728,67273.95,67.27395,16.8184875
4/30/2024 7:00:00 AM,179103728,61017.15,61.01715,15.2542875
4/30/2024 7:15:00 AM,179103728,58064.09,58.06408999999999,14.516022499999998
4/30/2024 7:30:00 AM,179103728,55256.92,55.25692,13.81423
4/30/2024 7:45:00 AM,179103728,55945.66,55.945660000000004,13.986415000000001
4/30/2024 8:00:00 AM,179103728,56608.57,56.60857,14.1521425
4/30/2024 8:15:00 AM,179103728,54209.91,54.20991,13.5524775
4/30/2024 8:30:00 AM,179103728,54455.62,54.45562,13.613905
4/30/2024 8:45:00 AM,179103728,55972.63,55.972629999999995,13.993157499999999
4/30/2024 9:00:00 AM,179103728,61295.27,61.295269999999995,15.323817499999999
4/30/2024 9:15:00 AM,179103728,58795.0,58.795,14.69875
4/30/2024 9:30:00 AM,179103728,66186.89,66.18689,16.5467225
4/30/2024 9:45:00 AM,179103728,67248.95,67.24895,16.8122375
4/30/2024 10:00:00 AM,179103728,71427.66,71.42766,17.856915
4/30/2024 10:15:00 AM,179103728,73079.68,73.07968,18.26992
4/30/2024 10:30:00 AM,179103728,71477.41,71.47741,17.8693525
4/30/2024 10:45:00 AM,179103728,75427.55,75.42755,18.8568875
4/30/2024 11:00:00 AM,179103728,76689.09,76.68909,19.1722725
4/30/2024 11:15:00 AM,179103728,77580.86,77.58086,19.395215
4/30/2024 11:30:00 AM,179103728,78597.89,78.59788999999999,19.649472499999998
4/30/2024 11:45:00 AM,179103728,75900.57,75.90057,18.9751425
4/30/2024 12:00:00 PM,179103728,74710.15,74.71015,18.6775375
4/30/2024 12:15:00 AM,179103829,4120.21,4.12021,1.0300525
4/30/2024 12:30:00 AM,179103829,4049.64,4.04964,1.01241
4/30/2024 12:45:00 AM,179103829,6834.14,6.8341400000000005,1.7085350000000001
4/30/2024 1:00:00 AM,179103829,9153.98,9.153979999999999,2.2884949999999997
4/30/2024 1:15:00 AM,179103829,8281.09,8.28109,2.0702725
4/30/2024 1:30:00 AM,179103829,8234.7,8.2347,2.058675
4/30/2024 1:45:00 AM,179103829,8327.33,8.32733,2.0818325
4/30/2024 2:00:00 AM,179103829,8257.81,8.25781,2.0644525
4/30/2024 2:15:00 AM,179103829,6507.0,6.507,1.62675
4/30/2024 2:30:00 AM,179103829,6557.66,6.55766,1.639415
4/30/2024 2:45:00 AM,179103829,6610.41,6.61041,1.6526025
4/30/2024 3:00:00 AM,179103829,4167.69,4.1676899999999995,1.0419224999999999
4/30/2024 3:15:00 AM,179103829,4022.8,4.0228,1.0057
4/30/2024 3:30:00 AM,179103829,4027.28,4.02728,1.00682
4/30/2024 3:45:00 AM,179103829,3866.65,3.86665,0.9666625
4/30/2024 4:00:00 AM,179103829,3924.42,3.92442,0.981105
4/30/2024 4:15:00 AM,179103829,4784.68,4.784680000000001,1.1961700000000002
4/30/2024 4:30:00 AM,179103829,7361.37,7.36137,1.8403425
4/30/2024 4:45:00 AM,179103829,7438.23,7.43823,1.8595575
4/30/2024 5:00:00 AM,179103829,4815.2,4.8152,1.2038
4/30/2024 5:15:00 AM,179103829,4734.51,4.73451,1.1836275
4/30/2024 5:30:00 AM,179103829,4577.85,4.577850000000001,1.1444625000000002
4/30/2024 5:45:00 AM,179103829,6571.75,6.57175,1.6429375
4/30/2024 6:00:00 AM,179103829,5751.67,5.75167,1.4379175
4/30/2024 6:15:00 AM,179103829,6445.16,6.44516,1.61129
4/30/2024 6:30:00 AM,179103829,6605.58,6.60558,1.651395
4/30/2024 6:45:00 AM,179103829,19675.09,19.67509,4.9187725
4/30/2024 7:00:00 AM,179103829,19877.65,19.877650000000003,4.969412500000001
4/30/2024 7:15:00 AM,179103829,14834.86,14.83486,3.708715
4/30/2024 7:30:00 AM,179103829,10937.72,10.937719999999999,2.7344299999999997
4/30/2024 7:45:00 AM,179103829,10812.6,10.8126,2.70315
4/30/2024 8:00:00 AM,179103829,14531.48,14.53148,3.63287
4/30/2024 8:15:00 AM,179103829,7281.17,7.28117,1.8202925
4/30/2024 8:30:00 AM,179103829,4746.75,4.74675,1.1866875
4/30/2024 8:45:00 AM,179103829,4622.64,4.6226400000000005,1.1556600000000001
4/30/2024 9:00:00 AM,179103829,4909.05,4.909050000000001,1.2272625000000001
4/30/2024 9:15:00 AM,179103829,4936.91,4.93691,1.2342275
4/30/2024 9:30:00 AM,179103829,14940.22,14.94022,3.735055
4/30/2024 9:45:00 AM,179103829,10158.44,10.15844,2.53961
4/30/2024 10:00:00 AM,179103829,7496.38,7.49638,1.874095
4/30/2024 10:15:00 AM,179103829,7673.98,7.673979999999999,1.9184949999999998
4/30/2024 10:30:00 AM,179103829,10178.14,10.178139999999999,2.5445349999999998
4/30/2024 10:45:00 AM,179103829,10302.2,10.302200000000001,2.5755500000000002
4/30/2024 11:00:00 AM,179103829,10908.37,10.908370000000001,2.7270925000000004
4/30/2024 11:15:00 AM,179103829,16325.64,16.32564,4.08141
4/30/2024 11:30:00 AM,179103829,23096.13,23.096130000000002,5.774032500000001
4/30/2024 11:45:00 AM,179103829,19991.43,19.99143,4.9978575
4/30/2024 12:00:00 PM,179103829,12425.59,12.42559,3.1063975
4/30/2024 12:15:00 AM,179104325,70989.11,70.98911,17.7472775
4/30/2024 12:30:00 AM,179104325,69247.91,69.24791,17.3119775
4/30/2024 12:45:00 AM,179104325,67611.84,67.61184,16.90296
4/30/2024 1:00:00 AM,179104325,70309.96,70.30996,17.57749
4/30/2024 1:15:00 AM,179104325,68208.52,68.20852000000001,17.052130000000002
4/30/2024 1:30:00 AM,179104325,70303.66,70.30366000000001,17.575915000000002
4/30/2024 1:45:00 AM,179104325,68567.34,68.56734,17.141835
4/30/2024 2:00:00 AM,179104325,69406.89,69.40689,17.3517225
4/30/2024 2:15:00 AM,179104325,68170.23,68.17022999999999,17.042557499999997
4/30/2024 2:30:00 AM,179104325,68468.33,68.46833000000001,17.117082500000002
4/30/2024 2:45:00 AM,179104325,69137.53,69.13753,17.2843825
4/30/2024 3:00:00 AM,179104325,69328.45,69.32845,17.3321125
4/30/2024 3:15:00 AM,179104325,67618.33,67.61833,16.9045825
4/30/2024 3:30:00 AM,179104325,69573.4,69.57339999999999,17.393349999999998
4/30/2024 3:45:00 AM,179104325,68282.26,68.28226,17.070565
4/30/2024 4:00:00 AM,179104325,67065.96,67.06596,16.76649
4/30/2024 4:15:00 AM,179104325,67564.34,67.56434,16.891085
4/30/2024 4:30:00 AM,179104325,68438.73,68.43872999999999,17.109682499999998
4/30/2024 4:45:00 AM,179104325,67782.75,67.78275,16.9456875
4/30/2024 5:00:00 AM,179104325,67755.32,67.75532000000001,16.938830000000003
4/30/2024 5:15:00 AM,179104325,67286.33,67.28633,16.8215825
4/30/2024 5:30:00 AM,179104325,67904.83,67.90483,16.9762075
4/30/2024 5:45:00 AM,179104325,67110.12,67.11012,16.77753
4/30/2024 6:00:00 AM,179104325,67609.54,67.60954,16.902385
4/30/2024 6:15:00 AM,179104325,109961.18,109.96118,27.490295
4/30/2024 6:30:00 AM,179104325,162717.36,162.71735999999999,40.679339999999996
4/30/2024 6:45:00 AM,179104325,151024.63,151.02463,37.7561575
4/30/2024 7:00:00 AM,179104325,158776.17,158.77617,39.6940425
4/30/2024 7:15:00 AM,179104325,168209.78,168.20978,42.052445
4/30/2024 7:30:00 AM,179104325,161039.2,161.03920000000002,40.259800000000006
4/30/2024 7:45:00 AM,179104325,167068.23,167.06823,41.7670575
4/30/2024 8:00:00 AM,179104325,165892.78,165.89278,41.473195
4/30/2024 8:15:00 AM,179104325,175925.67,175.92567000000003,43.981417500000006
4/30/2024 8:30:00 AM,179104325,181880.95,181.88095,45.4702375
4/30/2024 8:45:00 AM,179104325,187121.88,187.12188,46.78047
4/30/2024 9:00:00 AM,179104325,196987.89,196.98789000000002,49.246972500000005
4/30/2024 9:15:00 AM,179104325,199782.86,199.78286,49.945715
4/30/2024 9:30:00 AM,179104325,193904.7,193.90470000000002,48.476175000000005
4/30/2024 9:45:00 AM,179104325,208039.48,208.03948,52.00987
4/30/2024 10:00:00 AM,179104325,226582.27,226.58227,56.6455675
4/30/2024 10:15:00 AM,179104325,222977.14,222.97714000000002,55.744285000000005
4/30/2024 10:30:00 AM,179104325,224436.17,224.43617,56.1090425
4/30/2024 10:45:00 AM,179104325,220148.13,220.14813,55.0370325
4/30/2024 11:00:00 AM,179104325,239507.03,239.50703,59.8767575
4/30/2024 11:15:00 AM,179104325,231910.47,231.91047,57.9776175
4/30/2024 11:30:00 AM,179104325,226377.44,226.37744,56.59436
4/30/2024 11:45:00 AM,179104325,238836.69,238.83669,59.7091725
4/30/2024 12:00:00 PM,179104325,237878.13,237.87813,59.4695325
4/30/2024 12:15:00 AM,179105326,56007.65,56.00765,14.0019125
4/30/2024 12:30:00 AM,179105326,51443.96,51.44396,12.86099
4/30/2024 12:45:00 AM,179105326,50832.13,50.83213,12.7080325
4/30/2024 1:00:00 AM,179105326,43224.3,43.2243,10.806075
4/30/2024 1:15:00 AM,179105326,44314.39,44.314389999999996,11.078597499999999
4/30/2024 1:30:00 AM,179105326,47972.43,47.97243,11.9931075
4/30/2024 1:45:00 AM,179105326,46218.79,46.21879,11.5546975
4/30/2024 2:00:00 AM,179105326,40414.05,40.41405,10.1035125
4/30/2024 2:15:00 AM,179105326,40550.87,40.55087,10.1377175
4/30/2024 2:30:00 AM,179105326,39290.32,39.29032,9.82258
4/30/2024 2:45:00 AM,179105326,46445.12,46.44512,11.61128
4/30/2024 3:00:00 AM,179105326,47293.54,47.29354,11.823385
4/30/2024 3:15:00 AM,179105326,48700.23,48.700230000000005,12.175057500000001
4/30/2024 3:30:00 AM,179105326,45370.3,45.3703,11.342575
4/30/2024 3:45:00 AM,179105326,43244.84,43.244839999999996,10.811209999999999
4/30/2024 4:00:00 AM,179105326,45005.5,45.0055,11.251375
4/30/2024 4:15:00 AM,179105326,48071.21,48.07121,12.0178025
4/30/2024 4:30:00 AM,179105326,52582.29,52.58229,13.1455725
4/30/2024 4:45:00 AM,179105326,52131.29,52.13129,13.0328225
4/30/2024 5:00:00 AM,179105326,40899.06,40.89906,10.224765
4/30/2024 5:15:00 AM,179105326,38830.26,38.83026,9.707565
4/30/2024 5:30:00 AM,179105326,36804.29,36.80429,9.2010725
4/30/2024 5:45:00 AM,179105326,51644.48,51.64448,12.91112
4/30/2024 6:00:00 AM,179105326,52587.84,52.58784,13.14696
4/30/2024 6:15:00 AM,179105326,51467.5,51.4675,12.866875
4/30/2024 6:30:00 AM,179105326,47718.13,47.718129999999995,11.929532499999999
4/30/2024 6:45:00 AM,179105326,57482.07,57.48207,14.3705175
4/30/2024 7:00:00 AM,179105326,61380.44,61.38044,15.34511
4/30/2024 7:15:00 AM,179105326,59404.75,59.40475,14.8511875
4/30/2024 7:30:00 AM,179105326,58345.86,58.34586,14.586465
4/30/2024 7:45:00 AM,179105326,45998.12,45.99812,11.49953
4/30/2024 8:00:00 AM,179105326,45218.97,45.21897,11.3047425
4/30/2024 8:15:00 AM,179105326,46633.61,46.63361,11.6584025
4/30/2024 8:30:00 AM,179105326,52768.0,52.768,13.192
4/30/2024 8:45:00 AM,179105326,51922.32,51.92232,12.98058
4/30/2024 9:00:00 AM,179105326,52849.79,52.84979,13.2124475
4/30/2024 9:15:00 AM,179105326,58723.23,58.72323,14.6808075
4/30/2024 9:30:00 AM,179105326,58708.23,58.70823,14.6770575
4/30/2024 9:45:00 AM,179105326,48986.48,48.98648,12.24662
4/30/2024 10:00:00 AM,179105326,55329.96,55.32996,13.83249
4/30/2024 10:15:00 AM,179105326,54747.48,54.74748,13.68687
4/30/2024 10:30:00 AM,179105326,55402.62,55.402620000000006,13.850655000000001
4/30/2024 10:45:00 AM,179105326,72914.74,72.91474000000001,18.228685000000002
4/30/2024 11:00:00 AM,179105326,64918.31,64.91830999999999,16.229577499999998
4/30/2024 11:15:00 AM,179105326,64996.27,64.99627,16.2490675
4/30/2024 11:30:00 AM,179105326,68573.3,68.5733,17.143325
4/30/2024 11:45:00 AM,179105326,69061.29,69.06129,17.2653225
4/30/2024 12:00:00 PM,179105326,70313.87,70.31387,17.5784675
4/30/2024 12:15:00 AM,179105427,23076.09,23.07609,5.7690225
4/30/2024 12:30:00 AM,179105427,23223.01,23.22301,5.8057525
4/30/2024 12:45:00 AM,179105427,24958.74,24.958740000000002,6.239685000000001
4/30/2024 1:00:00 AM,179105427,34935.07,34.93507,8.7337675
4/30/2024 1:15:00 AM,179105427,22650.55,22.65055,5.6626375
4/30/2024 1:30:00 AM,179105427,31902.12,31.90212,7.97553
4/30/2024 1:45:00 AM,179105427,22561.91,22.56191,5.6404775
4/30/2024 2:00:00 AM,179105427,22693.33,22.693330000000003,5.673332500000001
4/30/2024 2:15:00 AM,179105427,24701.53,24.701529999999998,6.1753824999999996
4/30/2024 2:30:00 AM,179105427,23945.84,23.94584,5.98646
4/30/2024 2:45:00 AM,179105427,22586.58,22.58658,5.646645
4/30/2024 3:00:00 AM,179105427,22939.7,22.939700000000002,5.7349250000000005
4/30/2024 3:15:00 AM,179105427,22779.09,22.77909,5.6947725
4/30/2024 3:30:00 AM,179105427,24624.73,24.62473,6.1561825
4/30/2024 3:45:00 AM,179105427,22457.67,22.457669999999997,5.614417499999999
4/30/2024 4:00:00 AM,179105427,24258.09,24.25809,6.0645225
4/30/2024 4:15:00 AM,179105427,22555.64,22.55564,5.63891
4/30/2024 4:30:00 AM,179105427,24526.07,24.52607,6.1315175
4/30/2024 4:45:00 AM,179105427,26458.31,26.45831,6.6145775
4/30/2024 5:00:00 AM,179105427,29266.8,29.2668,7.3167
4/30/2024 5:15:00 AM,179105427,27592.02,27.59202,6.898005
4/30/2024 5:30:00 AM,179105427,24441.52,24.44152,6.11038
4/30/2024 5:45:00 AM,179105427,26824.01,26.824009999999998,6.706002499999999
4/30/2024 6:00:00 AM,179105427,26770.92,26.770919999999997,6.692729999999999
4/30/2024 6:15:00 AM,179105427,26263.33,26.263330000000003,6.565832500000001
4/30/2024 6:30:00 AM,179105427,23514.1,23.5141,5.878525
4/30/2024 6:45:00 AM,179105427,26762.56,26.76256,6.69064
4/30/2024 7:00:00 AM,179105427,30881.64,30.88164,7.72041
4/30/2024 7:15:00 AM,179105427,28519.22,28.51922,7.129805
4/30/2024 7:30:00 AM,179105427,31646.13,31.64613,7.9115325
4/30/2024 7:45:00 AM,179105427,29979.67,29.97967,7.4949175
4/30/2024 8:00:00 AM,179105427,29724.34,29.72434,7.431085
4/30/2024 8:15:00 AM,179105427,34465.44,34.46544,8.61636
4/30/2024 8:30:00 AM,179105427,41854.41,41.85441,10.4636025
4/30/2024 8:45:00 AM,179105427,33353.16,33.35316,8.33829
4/30/2024 9:00:00 AM,179105427,33172.69,33.17269,8.2931725
4/30/2024 9:15:00 AM,179105427,32599.79,32.59979,8.1499475
4/30/2024 9:30:00 AM,179105427,41743.99,41.74399,10.4359975
4/30/2024 9:45:00 AM,179105427,33376.0,33.376,8.344
4/30/2024 10:00:00 AM,179105427,34317.3,34.3173,8.579325
4/30/2024 10:15:00 AM,179105427,33002.52,33.00252,8.25063
4/30/2024 10:30:00 AM,179105427,44549.7,44.549699999999994,11.137424999999999
4/30/2024 10:45:00 AM,179105427,30302.76,30.30276,7.57569
4/30/2024 11:00:00 AM,179105427,42924.91,42.924910000000004,10.731227500000001
4/30/2024 11:15:00 AM,179105427,46657.44,46.65744,11.66436
4/30/2024 11:30:00 AM,179105427,44515.95,44.51595,11.1289875
4/30/2024 11:45:00 AM,179105427,32361.59,32.36159,8.0903975
4/30/2024 12:00:00 PM,179105427,42699.36,42.69936,10.67484
4/30/2024 12:15:00 AM,179105427,23076.09,23.07609,5.7690225
4/30/2024 12:30:00 AM,179105427,23223.01,23.22301,5.8057525
4/30/2024 12:45:00 AM,179105427,24958.74,24.958740000000002,6.239685000000001
4/30/2024 1:00:00 AM,179105427,34935.07,34.93507,8.7337675
4/30/2024 1:15:00 AM,179105427,22650.55,22.65055,5.6626375
4/30/2024 1:30:00 AM,179105427,31902.12,31.90212,7.97553
4/30/2024 1:45:00 AM,179105427,22561.91,22.56191,5.6404775
4/30/2024 2:00:00 AM,179105427,22693.33,22.693330000000003,5.673332500000001
4/30/2024 2:15:00 AM,179105427,24701.53,24.701529999999998,6.1753824999999996
4/30/2024 2:30:00 AM,179105427,23945.84,23.94584,5.98646
4/30/2024 2:45:00 AM,179105427,22586.58,22.58658,5.646645
4/30/2024 3:00:00 AM,179105427,22939.7,22.939700000000002,5.7349250000000005
4/30/2024 3:15:00 AM,179105427,22779.09,22.77909,5.6947725
4/30/2024 3:30:00 AM,179105427,24624.73,24.62473,6.1561825
4/30/2024 3:45:00 AM,179105427,22457.67,22.457669999999997,5.614417499999999
4/30/2024 4:00:00 AM,179105427,24258.09,24.25809,6.0645225
4/30/2024 4:15:00 AM,179105427,22555.64,22.55564,5.63891
4/30/2024 4:30:00 AM,179105427,24526.07,24.52607,6.1315175
4/30/2024 4:45:00 AM,179105427,26458.31,26.45831,6.6145775
4/30/2024 5:00:00 AM,179105427,29266.8,29.2668,7.3167
4/30/2024 5:15:00 AM,179105427,27592.02,27.59202,6.898005
4/30/2024 5:30:00 AM,179105427,24441.52,24.44152,6.11038
4/30/2024 5:45:00 AM,179105427,26824.01,26.824009999999998,6.706002499999999
4/30/2024 6:00:00 AM,179105427,26770.92,26.770919999999997,6.692729999999999
4/30/2024 6:15:00 AM,179105427,26263.33,26.263330000000003,6.565832500000001
4/30/2024 6:30:00 AM,179105427,23514.1,23.5141,5.878525
4/30/2024 6:45:00 AM,179105427,26762.56,26.76256,6.69064
4/30/2024 7:00:00 AM,179105427,30881.64,30.88164,7.72041
4/30/2024 7:15:00 AM,179105427,28519.22,28.51922,7.129805
4/30/2024 7:30:00 AM,179105427,31646.13,31.64613,7.9115325
4/30/2024 7:45:00 AM,179105427,29979.67,29.97967,7.4949175
4/30/2024 8:00:00 AM,179105427,29724.34,29.72434,7.431085
4/30/2024 8:15:00 AM,179105427,34465.44,34.46544,8.61636
4/30/2024 8:30:00 AM,179105427,41854.41,41.85441,10.4636025
4/30/2024 8:45:00 AM,179105427,33353.16,33.35316,8.33829
4/30/2024 9:00:00 AM,179105427,33172.69,33.17269,8.2931725
4/30/2024 9:15:00 AM,179105427,32599.79,32.59979,8.1499475
4/30/2024 9:30:00 AM,179105427,41743.99,41.74399,10.4359975
4/30/2024 9:45:00 AM,179105427,33376.0,33.376,8.344
4/30/2024 10:00:00 AM,179105427,34317.3,34.3173,8.579325
4/30/2024 10:15:00 AM,179105427,33002.52,33.00252,8.25063
4/30/2024 10:30:00 AM,179105427,44549.7,44.549699999999994,11.137424999999999
4/30/2024 10:45:00 AM,179105427,30302.76,30.30276,7.57569
4/30/2024 11:00:00 AM,179105427,42924.91,42.924910000000004,10.731227500000001
4/30/2024 11:15:00 AM,179105427,46657.44,46.65744,11.66436
4/30/2024 11:30:00 AM,179105427,44515.95,44.51595,11.1289875
4/30/2024 11:45:00 AM,179105427,32361.59,32.36159,8.0903975
4/30/2024 12:00:00 PM,179105427,42699.36,42.69936,10.67484
4/30/2024 12:15:00 AM,179105427,23076.09,23.07609,5.7690225
4/30/2024 12:30:00 AM,179105427,23223.01,23.22301,5.8057525
4/30/2024 12:45:00 AM,179105427,24958.74,24.958740000000002,6.239685000000001
4/30/2024 1:00:00 AM,179105427,34935.07,34.93507,8.7337675
4/30/2024 1:15:00 AM,179105427,22650.55,22.65055,5.6626375
4/30/2024 1:30:00 AM,179105427,31902.12,31.90212,7.97553
4/30/2024 1:45:00 AM,179105427,22561.91,22.56191,5.6404775
4/30/2024 2:00:00 AM,179105427,22693.33,22.693330000000003,5.673332500000001
4/30/2024 2:15:00 AM,179105427,24701.53,24.701529999999998,6.1753824999999996
4/30/2024 2:30:00 AM,179105427,23945.84,23.94584,5.98646
4/30/2024 2:45:00 AM,179105427,22586.58,22.58658,5.646645
4/30/2024 3:00:00 AM,179105427,22939.7,22.939700000000002,5.7349250000000005
4/30/2024 3:15:00 AM,179105427,22779.09,22.77909,5.6947725
4/30/2024 3:30:00 AM,179105427,24624.73,24.62473,6.1561825
4/30/2024 3:45:00 AM,179105427,22457.67,22.457669999999997,5.614417499999999
4/30/2024 4:00:00 AM,179105427,24258.09,24.25809,6.0645225
4/30/2024 4:15:00 AM,179105427,22555.64,22.55564,5.63891
4/30/2024 4:30:00 AM,179105427,24526.07,24.52607,6.1315175
4/30/2024 4:45:00 AM,179105427,26458.31,26.45831,6.6145775
4/30/2024 5:00:00 AM,179105427,29266.8,29.2668,7.3167
4/30/2024 5:15:00 AM,179105427,27592.02,27.59202,6.898005
4/30/2024 5:30:00 AM,179105427,24441.52,24.44152,6.11038
4/30/2024 5:45:00 AM,179105427,26824.01,26.824009999999998,6.706002499999999
4/30/2024 6:00:00 AM,179105427,26770.92,26.770919999999997,6.692729999999999
4/30/2024 6:15:00 AM,179105427,26263.33,26.263330000000003,6.565832500000001
4/30/2024 6:30:00 AM,179105427,23514.1,23.5141,5.878525
4/30/2024 6:45:00 AM,179105427,26762.56,26.76256,6.69064
4/30/2024 7:00:00 AM,179105427,30881.64,30.88164,7.72041
4/30/2024 7:15:00 AM,179105427,28519.22,28.51922,7.129805
4/30/2024 7:30:00 AM,179105427,31646.13,31.64613,7.9115325
4/30/2024 7:45:00 AM,179105427,29979.67,29.97967,7.4949175
4/30/2024 8:00:00 AM,179105427,29724.34,29.72434,7.431085
4/30/2024 8:15:00 AM,179105427,34465.44,34.46544,8.61636
4/30/2024 8:30:00 AM,179105427,41854.41,41.85441,10.4636025
4/30/2024 8:45:00 AM,179105427,33353.16,33.35316,8.33829
4/30/2024 9:00:00 AM,179105427,33172.69,33.17269,8.2931725
4/30/2024 9:15:00 AM,179105427,32599.79,32.59979,8.1499475
4/30/2024 9:30:00 AM,179105427,41743.99,41.74399,10.4359975
4/30/2024 9:45:00 AM,179105427,33376.0,33.376,8.344
4/30/2024 10:00:00 AM,179105427,34317.3,34.3173,8.579325
4/30/2024 10:15:00 AM,179105427,33002.52,33.00252,8.25063
4/30/2024 10:30:00 AM,179105427,44549.7,44.549699999999994,11.137424999999999
4/30/2024 10:45:00 AM,179105427,30302.76,30.30276,7.57569
4/30/2024 11:00:00 AM,179105427,42924.91,42.924910000000004,10.731227500000001
4/30/2024 11:15:00 AM,179105427,46657.44,46.65744,11.66436
4/30/2024 11:30:00 AM,179105427,44515.95,44.51595,11.1289875
4/30/2024 11:45:00 AM,179105427,32361.59,32.36159,8.0903975
4/30/2024 12:00:00 PM,179105427,42699.36,42.69936,10.67484
4/30/2024 12:15:00 AM,179105427,23076.09,23.07609,5.7690225
4/30/2024 12:30:00 AM,179105427,23223.01,23.22301,5.8057525
4/30/2024 12:45:00 AM,179105427,24958.74,24.958740000000002,6.239685000000001
4/30/2024 1:00:00 AM,179105427,34935.07,34.93507,8.7337675
4/30/2024 1:15:00 AM,179105427,22650.55,22.65055,5.6626375
4/30/2024 1:30:00 AM,179105427,31902.12,31.90212,7.97553
4/30/2024 1:45:00 AM,179105427,22561.91,22.56191,5.6404775
4/30/2024 2:00:00 AM,179105427,22693.33,22.693330000000003,5.673332500000001
4/30/2024 2:15:00 AM,179105427,24701.53,24.701529999999998,6.1753824999999996
4/30/2024 2:30:00 AM,179105427,23945.84,23.94584,5.98646
4/30/2024 2:45:00 AM,179105427,22586.58,22.58658,5.646645
4/30/2024 3:00:00 AM,179105427,22939.7,22.939700000000002,5.7349250000000005
4/30/2024 3:15:00 AM,179105427,22779.09,22.77909,5.6947725
4/30/2024 3:30:00 AM,179105427,24624.73,24.62473,6.1561825
4/30/2024 3:45:00 AM,179105427,22457.67,22.457669999999997,5.614417499999999
4/30/2024 4:00:00 AM,179105427,24258.09,24.25809,6.0645225
4/30/2024 4:15:00 AM,179105427,22555.64,22.55564,5.63891
4/30/2024 4:30:00 AM,179105427,24526.07,24.52607,6.1315175
4/30/2024 4:45:00 AM,179105427,26458.31,26.45831,6.6145775
4/30/2024 5:00:00 AM,179105427,29266.8,29.2668,7.3167
4/30/2024 5:15:00 AM,179105427,27592.02,27.59202,6.898005
4/30/2024 5:30:00 AM,179105427,24441.52,24.44152,6.11038
4/30/2024 5:45:00 AM,179105427,26824.01,26.824009999999998,6.706002499999999
4/30/2024 6:00:00 AM,179105427,26770.92,26.770919999999997,6.692729999999999
4/30/2024 6:15:00 AM,179105427,26263.33,26.263330000000003,6.565832500000001
4/30/2024 6:30:00 AM,179105427,23514.1,23.5141,5.878525
4/30/2024 6:45:00 AM,179105427,26762.56,26.76256,6.69064
4/30/2024 7:00:00 AM,179105427,30881.64,30.88164,7.72041
4/30/2024 7:15:00 AM,179105427,28519.22,28.51922,7.129805
4/30/2024 7:30:00 AM,179105427,31646.13,31.64613,7.9115325
4/30/2024 7:45:00 AM,179105427,29979.67,29.97967,7.4949175
4/30/2024 8:00:00 AM,179105427,29724.34,29.72434,7.431085
4/30/2024 8:15:00 AM,179105427,34465.44,34.46544,8.61636
4/30/2024 8:30:00 AM,179105427,41854.41,41.85441,10.4636025
4/30/2024 8:45:00 AM,179105427,33353.16,33.35316,8.33829
4/30/2024 9:00:00 AM,179105427,33172.69,33.17269,8.2931725
4/30/2024 9:15:00 AM,179105427,32599.79,32.59979,8.1499475
4/30/2024 9:30:00 AM,179105427,41743.99,41.74399,10.4359975
4/30/2024 9:45:00 AM,179105427,33376.0,33.376,8.344
4/30/2024 10:00:00 AM,179105427,34317.3,34.3173,8.579325
4/30/2024 10:15:00 AM,179105427,33002.52,33.00252,8.25063
4/30/2024 10:30:00 AM,179105427,44549.7,44.549699999999994,11.137424999999999
4/30/2024 10:45:00 AM,179105427,30302.76,30.30276,7.57569
4/30/2024 11:00:00 AM,179105427,42924.91,42.924910000000004,10.731227500000001
4/30/2024 11:15:00 AM,179105427,46657.44,46.65744,11.66436
4/30/2024 11:30:00 AM,179105427,44515.95,44.51595,11.1289875
4/30/2024 11:45:00 AM,179105427,32361.59,32.36159,8.0903975
4/30/2024 12:00:00 PM,179105427,42699.36,42.69936,10.67484
4/30/2024 12:15:00 AM,179105629,276574.44,276.57444,69.14361
4/30/2024 12:30:00 AM,179105629,272809.38,272.80938000000003,68.20234500000001
4/30/2024 12:45:00 AM,179105629,270711.78,270.71178000000003,67.67794500000001
4/30/2024 1:00:00 AM,179105629,308660.91,308.66091,77.1652275
4/30/2024 1:15:00 AM,179105629,319447.22,319.44721999999996,79.86180499999999
4/30/2024 1:30:00 AM,179105629,312122.66,312.12266,78.030665
4/30/2024 1:45:00 AM,179105629,298281.44,298.28144,74.57036
4/30/2024 2:00:00 AM,179105629,299201.16,299.20115999999996,74.80028999999999
4/30/2024 2:15:00 AM,179105629,229425.05,229.42505,57.3562625
4/30/2024 2:30:00 AM,179105629,236862.36,236.86236,59.21559
4/30/2024 2:45:00 AM,179105629,294485.22,294.48521999999997,73.62130499999999
4/30/2024 3:00:00 AM,179105629,274417.66,274.41765999999996,68.60441499999999
4/30/2024 3:15:00 AM,179105629,301747.06,301.74706,75.436765
4/30/2024 3:30:00 AM,179105629,231506.97,231.50697,57.8767425
4/30/2024 3:45:00 AM,179105629,268531.22,268.53121999999996,67.13280499999999
4/30/2024 4:00:00 AM,179105629,303875.97,303.87597,75.9689925
4/30/2024 4:15:00 AM,179105629,318787.81,318.78781,79.6969525
4/30/2024 4:30:00 AM,179105629,287149.09,287.14909,71.7872725
4/30/2024 4:45:00 AM,179105629,273756.97,273.75696999999997,68.43924249999999
4/30/2024 5:00:00 AM,179105629,234074.33,234.07432999999997,58.518582499999994
4/30/2024 5:15:00 AM,179105629,263526.19,263.52619,65.8815475
4/30/2024 5:30:00 AM,179105629,304282.03,304.28203,76.0705075
4/30/2024 5:45:00 AM,179105629,340853.72,340.85371999999995,85.21342999999999
4/30/2024 6:00:00 AM,179105629,256566.27,256.56627,64.1415675
4/30/2024 6:15:00 AM,179105629,0.0,0.0,0.0
4/30/2024 6:30:00 AM,179105629,226052.25,226.05225,56.5130625
4/30/2024 6:45:00 AM,179105629,306326.84,306.32684,76.58171
4/30/2024 7:00:00 AM,179105629,297488.59,297.48859000000004,74.37214750000001
4/30/2024 7:15:00 AM,179105629,297956.72,297.95671999999996,74.48917999999999
4/30/2024 7:30:00 AM,179105629,334563.09,334.56309000000005,83.64077250000001
4/30/2024 7:45:00 AM,179105629,283199.69,283.19969,70.7999225
4/30/2024 8:00:00 AM,179105629,347314.44,347.31444,86.82861
4/30/2024 8:15:00 AM,179105629,353616.81,353.61681,88.4042025
4/30/2024 8:30:00 AM,179105629,302323.59,302.32359,75.5808975
4/30/2024 8:45:00 AM,179105629,375926.47,375.92647,93.9816175
4/30/2024 9:00:00 AM,179105629,346153.28,346.15328000000005,86.53832000000001
4/30/2024 9:15:00 AM,179105629,395811.13,395.81113,98.9527825
4/30/2024 9:30:00 AM,179105629,442865.75,442.86575,110.7164375
4/30/2024 9:45:00 AM,179105629,408482.56,408.48256,102.12064
4/30/2024 10:00:00 AM,179105629,388551.66,388.55165999999997,97.13791499999999
4/30/2024 10:15:00 AM,179105629,363746.69,363.74669,90.9366725
4/30/2024 10:30:00 AM,179105629,392049.0,392.049,98.01225
4/30/2024 10:45:00 AM,179105629,433076.81,433.07681,108.2692025
4/30/2024 11:00:00 AM,179105629,381128.66,381.12865999999997,95.28216499999999
4/30/2024 11:15:00 AM,179105629,413845.56,413.84556,103.46139
4/30/2024 11:30:00 AM,179105629,430462.31,430.46231,107.6155775
4/30/2024 11:45:00 AM,179105629,409493.53,409.49353,102.3733825
4/30/2024 12:00:00 PM,179105629,436150.44,436.15044,109.03761
4/30/2024 12:15:00 AM,179105932,46627.77,46.62777,11.6569425
4/30/2024 12:30:00 AM,179105932,44129.81,44.12981,11.0324525
4/30/2024 12:45:00 AM,179105932,43231.41,43.231410000000004,10.807852500000001
4/30/2024 1:00:00 AM,179105932,43078.09,43.078089999999996,10.769522499999999
4/30/2024 1:15:00 AM,179105932,43141.71,43.141709999999996,10.785427499999999
4/30/2024 1:30:00 AM,179105932,44640.62,44.640620000000006,11.160155000000001
4/30/2024 1:45:00 AM,179105932,45085.45,45.085449999999994,11.271362499999999
4/30/2024 2:00:00 AM,179105932,45836.1,45.8361,11.459025
4/30/2024 2:15:00 AM,179105932,46431.89,46.43189,11.6079725
4/30/2024 2:30:00 AM,179105932,44001.29,44.00129,11.0003225
4/30/2024 2:45:00 AM,179105932,43834.75,43.83475,10.9586875
4/30/2024 3:00:00 AM,179105932,42870.73,42.87073,10.7176825
4/30/2024 3:15:00 AM,179105932,43844.99,43.844989999999996,10.961247499999999
4/30/2024 3:30:00 AM,179105932,44209.47,44.20947,11.0523675
4/30/2024 3:45:00 AM,179105932,44858.99,44.85899,11.2147475
4/30/2024 4:00:00 AM,179105932,44582.04,44.58204,11.14551
4/30/2024 4:15:00 AM,179105932,44276.14,44.27614,11.069035
4/30/2024 4:30:00 AM,179105932,43973.02,43.97302,10.993255
4/30/2024 4:45:00 AM,179105932,43071.83,43.07183,10.7679575
4/30/2024 5:00:00 AM,179105932,42076.72,42.07672,10.51918
4/30/2024 5:15:00 AM,179105932,44685.48,44.685480000000005,11.171370000000001
4/30/2024 5:30:00 AM,179105932,50960.98,50.960980000000006,12.740245000000002
4/30/2024 5:45:00 AM,179105932,49263.54,49.26354,12.315885
4/30/2024 6:00:00 AM,179105932,65308.08,65.30808,16.32702
4/30/2024 6:15:00 AM,179105932,300281.53,300.28153000000003,75.07038250000001
4/30/2024 6:30:00 AM,179105932,260338.5,260.3385,65.084625
4/30/2024 6:45:00 AM,179105932,167913.67,167.91367000000002,41.978417500000006
4/30/2024 7:00:00 AM,179105932,172948.72,172.94872,43.23718
4/30/2024 7:15:00 AM,179105932,170664.19,170.66419,42.6660475
4/30/2024 7:30:00 AM,179105932,169572.11,169.57210999999998,42.393027499999995
4/30/2024 7:45:00 AM,179105932,179386.08,179.38608,44.84652
4/30/2024 8:00:00 AM,179105932,193286.69,193.28669,48.3216725
4/30/2024 8:15:00 AM,179105932,195685.81,195.68581,48.9214525
4/30/2024 8:30:00 AM,179105932,203835.28,203.83528,50.95882
4/30/2024 8:45:00 AM,179105932,203745.97,203.74597,50.9364925
4/30/2024 9:00:00 AM,179105932,219316.48,219.31648,54.82912
4/30/2024 9:15:00 AM,179105932,213673.44,213.67344,53.41836
4/30/2024 9:30:00 AM,179105932,213299.53,213.29953,53.3248825
4/30/2024 9:45:00 AM,179105932,218301.23,218.30123,54.5753075
4/30/2024 10:00:00 AM,179105932,221507.64,221.50764,55.37691
4/30/2024 10:15:00 AM,179105932,221059.75,221.05975,55.2649375
4/30/2024 10:30:00 AM,179105932,220129.2,220.12920000000003,55.032300000000006
4/30/2024 10:45:00 AM,179105932,217380.95,217.38095,54.3452375
4/30/2024 11:00:00 AM,179105932,221538.73,221.53873000000002,55.384682500000004
4/30/2024 11:15:00 AM,179105932,214223.52,214.22351999999998,53.555879999999995
4/30/2024 11:30:00 AM,179105932,221295.59,221.29559,55.3238975
4/30/2024 11:45:00 AM,179105932,221392.47,221.39247,55.3481175
4/30/2024 12:00:00 PM,179105932,217094.39,217.09439,54.2735975
4/30/2024 12:15:00 AM,179106226,10961.56,10.961559999999999,2.7403899999999997
4/30/2024 12:30:00 AM,179106226,10706.5,10.7065,2.676625
4/30/2024 12:45:00 AM,179106226,11028.24,11.02824,2.75706
4/30/2024 1:00:00 AM,179106226,10636.99,10.636989999999999,2.6592474999999998
4/30/2024 1:15:00 AM,179106226,10838.35,10.83835,2.7095875
4/30/2024 1:30:00 AM,179106226,10620.5,10.6205,2.655125
4/30/2024 1:45:00 AM,179106226,10910.52,10.91052,2.72763
4/30/2024 2:00:00 AM,179106226,11299.27,11.29927,2.8248175
4/30/2024 2:15:00 AM,179106226,13606.55,13.606549999999999,3.4016374999999996
4/30/2024 2:30:00 AM,179106226,10712.88,10.712879999999998,2.6782199999999996
4/30/2024 2:45:00 AM,179106226,10590.56,10.59056,2.64764
4/30/2024 3:00:00 AM,179106226,11185.17,11.18517,2.7962925
4/30/2024 3:15:00 AM,179106226,10774.12,10.77412,2.69353
4/30/2024 3:30:00 AM,179106226,10783.49,10.78349,2.6958725
4/30/2024 3:45:00 AM,179106226,10650.89,10.650889999999999,2.6627224999999997
4/30/2024 4:00:00 AM,179106226,10324.67,10.32467,2.5811675
4/30/2024 4:15:00 AM,179106226,10227.78,10.227780000000001,2.5569450000000002
4/30/2024 4:30:00 AM,179106226,10357.03,10.35703,2.5892575
4/30/2024 4:45:00 AM,179106226,10667.0,10.667,2.66675
4/30/2024 5:00:00 AM,179106226,10165.14,10.16514,2.541285
4/30/2024 5:15:00 AM,179106226,10481.08,10.48108,2.62027
4/30/2024 5:30:00 AM,179106226,10296.79,10.296790000000001,2.5741975000000004
4/30/2024 5:45:00 AM,179106226,10070.03,10.070030000000001,2.5175075000000002
4/30/2024 6:00:00 AM,179106226,11765.09,11.76509,2.9412725
4/30/2024 6:15:00 AM,179106226,12860.86,12.86086,3.215215
4/30/2024 6:30:00 AM,179106226,22994.83,22.99483,5.7487075
4/30/2024 6:45:00 AM,179106226,44766.26,44.76626,11.191565
4/30/2024 7:00:00 AM,179106226,39641.07,39.64107,9.9102675
4/30/2024 7:15:00 AM,179106226,32381.14,32.38114,8.095285
4/30/2024 7:30:00 AM,179106226,26154.95,26.15495,6.5387375
4/30/2024 7:45:00 AM,179106226,23906.66,23.90666,5.976665
4/30/2024 8:00:00 AM,179106226,21983.8,21.9838,5.49595
4/30/2024 8:15:00 AM,179106226,21567.79,21.567790000000002,5.391947500000001
4/30/2024 8:30:00 AM,179106226,22709.07,22.70907,5.6772675
4/30/2024 8:45:00 AM,179106226,23093.05,23.093049999999998,5.7732624999999995
4/30/2024 9:00:00 AM,179106226,26434.44,26.43444,6.60861
4/30/2024 9:15:00 AM,179106226,27402.27,27.40227,6.8505675
4/30/2024 9:30:00 AM,179106226,28296.74,28.296740000000003,7.074185000000001
4/30/2024 9:45:00 AM,179106226,27822.74,27.822740000000003,6.955685000000001
4/30/2024 10:00:00 AM,179106226,27942.15,27.94215,6.9855375
4/30/2024 10:15:00 AM,179106226,28830.59,28.83059,7.2076475
4/30/2024 10:30:00 AM,179106226,30493.13,30.49313,7.6232825
4/30/2024 10:45:00 AM,179106226,29174.9,29.1749,7.293725
4/30/2024 11:00:00 AM,179106226,27855.74,27.85574,6.963935
4/30/2024 11:15:00 AM,179106226,29361.29,29.36129,7.3403225
4/30/2024 11:30:00 AM,179106226,27416.13,27.416130000000003,6.854032500000001
4/30/2024 11:45:00 AM,179106226,27754.4,27.7544,6.9386
4/30/2024 12:00:00 PM,179106226,27478.7,27.4787,6.869675
4/30/2024 12:15:00 AM,179106933,,,
4/30/2024 12:30:00 AM,179106933,,,
4/30/2024 12:45:00 AM,179106933,,,
4/30/2024 1:00:00 AM,179106933,,,
4/30/2024 1:15:00 AM,179106933,,,
4/30/2024 1:30:00 AM,179106933,,,
4/30/2024 1:45:00 AM,179106933,,,
4/30/2024 2:00:00 AM,179106933,,,
4/30/2024 2:15:00 AM,179106933,,,
4/30/2024 2:30:00 AM,179106933,,,
4/30/2024 2:45:00 AM,179106933,,,
4/30/2024 3:00:00 AM,179106933,,,
4/30/2024 3:15:00 AM,179106933,,,
4/30/2024 3:30:00 AM,179106933,,,
4/30/2024 3:45:00 AM,179106933,,,
4/30/2024 4:00:00 AM,179106933,,,
4/30/2024 4:15:00 AM,179106933,,,
4/30/2024 4:30:00 AM,179106933,,,
4/30/2024 4:45:00 AM,179106933,,,
4/30/2024 5:00:00 AM,179106933,,,
4/30/2024 5:15:00 AM,179106933,,,
4/30/2024 5:30:00 AM,179106933,,,
4/30/2024 5:45:00 AM,179106933,,,
4/30/2024 6:00:00 AM,179106933,,,
4/30/2024 6:15:00 AM,179106933,,,
4/30/2024 6:30:00 AM,179106933,,,
4/30/2024 6:45:00 AM,179106933,,,
4/30/2024 7:00:00 AM,179106933,,,
4/30/2024 7:15:00 AM,179106933,,,
4/30/2024 7:30:00 AM,179106933,,,
4/30/2024 7:45:00 AM,179106933,,,
4/30/2024 8:00:00 AM,179106933,,,
4/30/2024 8:15:00 AM,179106933,,,
4/30/2024 8:30:00 AM,179106933,,,
4/30/2024 8:45:00 AM,179106933,,,
4/30/2024 9:00:00 AM,179106933,,,
4/30/2024 9:15:00 AM,179106933,,,
4/30/2024 9:30:00 AM,179106933,,,
4/30/2024 9:45:00 AM,179106933,,,
4/30/2024 10:00:00 AM,179106933,,,
4/30/2024 10:15:00 AM,179106933,,,
4/30/2024 10:30:00 AM,179106933,,,
4/30/2024 10:45:00 AM,179106933,,,
4/30/2024 11:00:00 AM,179106933,,,
4/30/2024 11:15:00 AM,179106933,,,
4/30/2024 11:30:00 AM,179106933,,,
4/30/2024 11:45:00 AM,179106933,,,
4/30/2024 12:00:00 PM,179106933,,,
4/30/2024 12:15:00 AM,179107328,70052.64,70.05264,17.51316
4/30/2024 12:30:00 AM,179107328,67453.17,67.45317,16.8632925
4/30/2024 12:45:00 AM,179107328,67129.92,67.12992,16.78248
4/30/2024 1:00:00 AM,179107328,63883.78,63.88378,15.970945
4/30/2024 1:15:00 AM,179107328,70307.19,70.30719,17.5767975
4/30/2024 1:30:00 AM,179107328,63904.64,63.90464,15.97616
4/30/2024 1:45:00 AM,179107328,66932.39,66.93239,16.7330975
4/30/2024 2:00:00 AM,179107328,68587.93,68.58793,17.1469825
4/30/2024 2:15:00 AM,179107328,70610.77,70.61077,17.6526925
4/30/2024 2:30:00 AM,179107328,70101.57,70.10157000000001,17.525392500000002
4/30/2024 2:45:00 AM,179107328,67394.53,67.39453,16.8486325
4/30/2024 3:00:00 AM,179107328,67739.62,67.73962,16.934905
4/30/2024 3:15:00 AM,179107328,69691.35,69.69135,17.4228375
4/30/2024 3:30:00 AM,179107328,70266.58,70.26658,17.566645
4/30/2024 3:45:00 AM,179107328,70290.98,70.29097999999999,17.572744999999998
4/30/2024 4:00:00 AM,179107328,70587.98,70.58798,17.646995
4/30/2024 4:15:00 AM,179107328,70710.84,70.71083999999999,17.677709999999998
4/30/2024 4:30:00 AM,179107328,70349.34,70.34934,17.587335
4/30/2024 4:45:00 AM,179107328,69792.67,69.79267,17.4481675
4/30/2024 5:00:00 AM,179107328,71047.92,71.04792,17.76198
4/30/2024 5:15:00 AM,179107328,69965.78,69.96578,17.491445
4/30/2024 5:30:00 AM,179107328,69564.13,69.56413,17.3910325
4/30/2024 5:45:00 AM,179107328,69813.16,69.81316000000001,17.453290000000003
4/30/2024 6:00:00 AM,179107328,70813.55,70.81355,17.7033875
4/30/2024 6:15:00 AM,179107328,69346.78,69.34678,17.336695
4/30/2024 6:30:00 AM,179107328,69602.44,69.60244,17.40061
4/30/2024 6:45:00 AM,179107328,69469.55,69.46955,17.3673875
4/30/2024 7:00:00 AM,179107328,70630.63,70.63063000000001,17.657657500000003
4/30/2024 7:15:00 AM,179107328,70879.72,70.87972,17.71993
4/30/2024 7:30:00 AM,179107328,79138.55,79.13855000000001,19.784637500000002
4/30/2024 7:45:00 AM,179107328,80746.39,80.74639,20.1865975
4/30/2024 8:00:00 AM,179107328,80094.16,80.09416,20.02354
4/30/2024 8:15:00 AM,179107328,84152.34,84.15234,21.038085
4/30/2024 8:30:00 AM,179107328,83436.2,83.4362,20.85905
4/30/2024 8:45:00 AM,179107328,85569.59,85.56958999999999,21.392397499999998
4/30/2024 9:00:00 AM,179107328,83315.53,83.31553,20.8288825
4/30/2024 9:15:00 AM,179107328,78618.13,78.61813000000001,19.654532500000002
4/30/2024 9:30:00 AM,179107328,82558.37,82.55837,20.6395925
4/30/2024 9:45:00 AM,179107328,87761.02,87.76102,21.940255
4/30/2024 10:00:00 AM,179107328,88074.95,88.07495,22.0187375
4/30/2024 10:15:00 AM,179107328,84976.18,84.97618,21.244045
4/30/2024 10:30:00 AM,179107328,87910.64,87.91064,21.97766
4/30/2024 10:45:00 AM,179107328,86313.03,86.31303,21.5782575
4/30/2024 11:00:00 AM,179107328,78758.45,78.75845,19.6896125
4/30/2024 11:15:00 AM,179107328,82793.01,82.79301,20.6982525
4/30/2024 11:30:00 AM,179107328,80210.96,80.21096,20.05274
4/30/2024 11:45:00 AM,179107328,79050.22,79.05022,19.762555
4/30/2024 12:00:00 PM,179107328,79103.89,79.10388999999999,19.775972499999998
4/30/2024 12:15:00 AM,247822025,43767.05,43.767050000000005,10.941762500000001
4/30/2024 12:30:00 AM,247822025,42310.59,42.31059,10.5776475
4/30/2024 12:45:00 AM,247822025,42187.13,42.187129999999996,10.546782499999999
4/30/2024 1:00:00 AM,247822025,42766.21,42.76621,10.6915525
4/30/2024 1:15:00 AM,247822025,42297.0,42.297,10.57425
4/30/2024 1:30:00 AM,247822025,42725.92,42.725919999999995,10.681479999999999
4/30/2024 1:45:00 AM,247822025,42411.43,42.41143,10.6028575
4/30/2024 2:00:00 AM,247822025,44039.76,44.03976,11.00994
4/30/2024 2:15:00 AM,247822025,22044.4,22.044400000000003,5.511100000000001
4/30/2024 2:30:00 AM,247822025,22284.72,22.28472,5.57118
4/30/2024 2:45:00 AM,247822025,21841.35,21.84135,5.4603375
4/30/2024 3:00:00 AM,247822025,21917.31,21.91731,5.4793275
4/30/2024 3:15:00 AM,247822025,21423.8,21.4238,5.35595
4/30/2024 3:30:00 AM,247822025,21293.13,21.29313,5.3232825
4/30/2024 3:45:00 AM,247822025,21438.93,21.43893,5.3597325
4/30/2024 4:00:00 AM,247822025,21048.84,21.04884,5.26221
4/30/2024 4:15:00 AM,247822025,19948.84,19.94884,4.98721
4/30/2024 4:30:00 AM,247822025,20299.97,20.299970000000002,5.0749925000000005
4/30/2024 4:45:00 AM,247822025,20043.79,20.04379,5.0109475
4/30/2024 5:00:00 AM,247822025,20024.62,20.02462,5.006155
4/30/2024 5:15:00 AM,247822025,19847.48,19.84748,4.96187
4/30/2024 5:30:00 AM,247822025,20114.85,20.114849999999997,5.028712499999999
4/30/2024 5:45:00 AM,247822025,23804.41,23.80441,5.9511025
4/30/2024 6:00:00 AM,247822025,19971.36,19.97136,4.99284
4/30/2024 6:15:00 AM,247822025,24142.69,24.142689999999998,6.0356724999999996
4/30/2024 6:30:00 AM,247822025,20501.67,20.501669999999997,5.125417499999999
4/30/2024 6:45:00 AM,247822025,24057.62,24.05762,6.014405
4/30/2024 7:00:00 AM,247822025,20100.69,20.10069,5.0251725
4/30/2024 7:15:00 AM,247822025,19959.04,19.95904,4.98976
4/30/2024 7:30:00 AM,247822025,20223.01,20.22301,5.0557525
4/30/2024 7:45:00 AM,247822025,20095.32,20.09532,5.02383
4/30/2024 8:00:00 AM,247822025,20015.94,20.015939999999997,5.003984999999999
4/30/2024 8:15:00 AM,247822025,20244.22,20.244220000000002,5.0610550000000005
4/30/2024 8:30:00 AM,247822025,19853.87,19.85387,4.9634675
4/30/2024 8:45:00 AM,247822025,20288.81,20.28881,5.0722025
4/30/2024 9:00:00 AM,247822025,24889.07,24.88907,6.2222675
4/30/2024 9:15:00 AM,247822025,20551.66,20.55166,5.137915
4/30/2024 9:30:00 AM,247822025,22944.8,22.9448,5.7362
4/30/2024 9:45:00 AM,247822025,23060.22,23.06022,5.765055
4/30/2024 10:00:00 AM,247822025,25222.34,25.22234,6.305585
4/30/2024 10:15:00 AM,247822025,25623.12,25.62312,6.40578
4/30/2024 10:30:00 AM,247822025,24619.54,24.61954,6.154885
4/30/2024 10:45:00 AM,247822025,28654.57,28.65457,7.1636425
4/30/2024 11:00:00 AM,247822025,41706.17,41.70617,10.4265425
4/30/2024 11:15:00 AM,247822025,41433.77,41.433769999999996,10.358442499999999
4/30/2024 11:30:00 AM,247822025,42621.2,42.621199999999995,10.655299999999999
4/30/2024 11:45:00 AM,247822025,42029.38,42.029379999999996,10.507344999999999
4/30/2024 12:00:00 PM,247822025,41843.09,41.84309,10.4607725
