datetime,meter_id,meter_reading
4/30/2024 12:15:00 AM,179101524,29737.42
4/30/2024 12:30:00 AM,179101524,29905.67
4/30/2024 12:45:00 AM,179101524,30078.67
4/30/2024 1:00:00 AM,179101524,29619.59
4/30/2024 1:15:00 AM,179101524,29877.85
4/30/2024 1:30:00 AM,179101524,29920.65
4/30/2024 1:45:00 AM,179101524,29666.95
4/30/2024 2:00:00 AM,179101524,30133.48
4/30/2024 2:15:00 AM,179101524,30361.59
4/30/2024 2:30:00 AM,179101524,30338.31
4/30/2024 2:45:00 AM,179101524,30731.18
4/30/2024 3:00:00 AM,179101524,30518.71
4/30/2024 3:15:00 AM,179101524,31252.29
4/30/2024 3:30:00 AM,179101524,30448.02
4/30/2024 3:45:00 AM,179101524,30471.83
4/30/2024 4:00:00 AM,179101524,30127.11
4/30/2024 4:15:00 AM,179101524,29637.2
4/30/2024 4:30:00 AM,179101524,29421.92
4/30/2024 4:45:00 AM,179101524,29560.36
4/30/2024 5:00:00 AM,179101524,32142.07
4/30/2024 5:15:00 AM,179101524,34695.91
4/30/2024 5:30:00 AM,179101524,36477.68
4/30/2024 5:45:00 AM,179101524,36432.48
4/30/2024 6:00:00 AM,179101524,36149.51
4/30/2024 6:15:00 AM,179101524,35750.6
4/30/2024 6:30:00 AM,179101524,41141.61
4/30/2024 6:45:00 AM,179101524,41618.7
4/30/2024 7:00:00 AM,179101524,40814.7
4/30/2024 7:15:00 AM,179101524,40271.29
4/30/2024 7:30:00 AM,179101524,40860.94
4/30/2024 7:45:00 AM,179101524,41917.32
4/30/2024 8:00:00 AM,179101524,44173.99
4/30/2024 8:15:00 AM,179101524,43516.09
4/30/2024 8:30:00 AM,179101524,43072.29
4/30/2024 8:45:00 AM,179101524,42823.71
4/30/2024 9:00:00 AM,179101524,43028.59
4/30/2024 9:15:00 AM,179101524,43006.73
4/30/2024 9:30:00 AM,179101524,47826.09
4/30/2024 9:45:00 AM,179101524,44467.62
4/30/2024 10:00:00 AM,179101524,45958.9
4/30/2024 10:15:00 AM,179101524,45505.31
4/30/2024 10:30:00 AM,179101524,45574.8
4/30/2024 10:45:00 AM,179101524,45850.46
4/30/2024 11:00:00 AM,179101524,45274.25
4/30/2024 11:15:00 AM,179101524,45672.93
4/30/2024 11:30:00 AM,179101524,45675.74
4/30/2024 11:45:00 AM,179101524,46171.46
4/30/2024 12:00:00 PM,179101524,47235.01
4/30/2024 12:15:00 AM,179101928,23513.21
4/30/2024 12:30:00 AM,179101928,23044.94
4/30/2024 12:45:00 AM,179101928,22190.35
4/30/2024 1:00:00 AM,179101928,8893.29
4/30/2024 1:15:00 AM,179101928,8985.09
4/30/2024 1:30:00 AM,179101928,8946.35
4/30/2024 1:45:00 AM,179101928,22409.14
4/30/2024 2:00:00 AM,179101928,22349.09
4/30/2024 2:15:00 AM,179101928,22662.79
4/30/2024 2:30:00 AM,179101928,8937.87
4/30/2024 2:45:00 AM,179101928,8958.1
4/30/2024 3:00:00 AM,179101928,8878.34
4/30/2024 3:15:00 AM,179101928,8985.59
4/30/2024 3:30:00 AM,179101928,22190.31
4/30/2024 3:45:00 AM,179101928,22236.79
4/30/2024 4:00:00 AM,179101928,9375.57
4/30/2024 4:15:00 AM,179101928,9311.86
4/30/2024 4:30:00 AM,179101928,9597.89
4/30/2024 4:45:00 AM,179101928,9558
4/30/2024 5:00:00 AM,179101928,22347.83
4/30/2024 5:15:00 AM,179101928,22133.51
4/30/2024 5:30:00 AM,179101928,9439.26
4/30/2024 5:45:00 AM,179101928,9080.8
4/30/2024 6:00:00 AM,179101928,20152.51
4/30/2024 6:15:00 AM,179101928,21060.24
4/30/2024 6:30:00 AM,179101928,8105.05
4/30/2024 6:45:00 AM,179101928,8302.9
4/30/2024 7:00:00 AM,179101928,8380.61
4/30/2024 7:15:00 AM,179101928,9555.29
4/30/2024 7:30:00 AM,179101928,20842.05
4/30/2024 7:45:00 AM,179101928,21643.32
4/30/2024 8:00:00 AM,179101928,8883.63
4/30/2024 8:15:00 AM,179101928,9741.83
4/30/2024 8:30:00 AM,179101928,8867.43
4/30/2024 8:45:00 AM,179101928,9230.48
4/30/2024 9:00:00 AM,179101928,22269.11
4/30/2024 9:15:00 AM,179101928,21949.06
4/30/2024 9:30:00 AM,179101928,23853.41
4/30/2024 9:45:00 AM,179101928,23625.04
4/30/2024 10:00:00 AM,179101928,29439.07
4/30/2024 10:15:00 AM,179101928,14044.75
4/30/2024 10:30:00 AM,179101928,29161.36
4/30/2024 10:45:00 AM,179101928,29414.13
4/30/2024 11:00:00 AM,179101928,29477.88
4/30/2024 11:15:00 AM,179101928,29210.21
4/30/2024 11:30:00 AM,179101928,27829.75
4/30/2024 11:45:00 AM,179101928,13943.91
4/30/2024 12:00:00 PM,179101928,26511.73
4/30/2024 12:15:00 AM,179102121,
4/30/2024 12:30:00 AM,179102121,
4/30/2024 12:45:00 AM,179102121,
4/30/2024 1:00:00 AM,179102121,
4/30/2024 1:15:00 AM,179102121,
4/30/2024 1:30:00 AM,179102121,
4/30/2024 1:45:00 AM,179102121,
4/30/2024 2:00:00 AM,179102121,
4/30/2024 2:15:00 AM,179102121,
4/30/2024 2:30:00 AM,179102121,
4/30/2024 2:45:00 AM,179102121,
4/30/2024 3:00:00 AM,179102121,
4/30/2024 3:15:00 AM,179102121,
4/30/2024 3:30:00 AM,179102121,
4/30/2024 3:45:00 AM,179102121,
4/30/2024 4:00:00 AM,179102121,
4/30/2024 4:15:00 AM,179102121,
4/30/2024 4:30:00 AM,179102121,
4/30/2024 4:45:00 AM,179102121,
4/30/2024 5:00:00 AM,179102121,
4/30/2024 5:15:00 AM,179102121,
4/30/2024 5:30:00 AM,179102121,
4/30/2024 5:45:00 AM,179102121,
4/30/2024 6:00:00 AM,179102121,
4/30/2024 6:15:00 AM,179102121,
4/30/2024 6:30:00 AM,179102121,
4/30/2024 6:45:00 AM,179102121,
4/30/2024 7:00:00 AM,179102121,
4/30/2024 7:15:00 AM,179102121,
4/30/2024 7:30:00 AM,179102121,
4/30/2024 7:45:00 AM,179102121,
4/30/2024 8:00:00 AM,179102121,
4/30/2024 8:15:00 AM,179102121,
4/30/2024 8:30:00 AM,179102121,
4/30/2024 8:45:00 AM,179102121,
4/30/2024 9:00:00 AM,179102121,
4/30/2024 9:15:00 AM,179102121,
4/30/2024 9:30:00 AM,179102121,
4/30/2024 9:45:00 AM,179102121,
4/30/2024 10:00:00 AM,179102121,
4/30/2024 10:15:00 AM,179102121,
4/30/2024 10:30:00 AM,179102121,
4/30/2024 10:45:00 AM,179102121,
4/30/2024 11:00:00 AM,179102121,
4/30/2024 11:15:00 AM,179102121,
4/30/2024 11:30:00 AM,179102121,
4/30/2024 11:45:00 AM,179102121,
4/30/2024 12:00:00 PM,179102121,
4/30/2024 12:15:00 AM,179102424,18464.04
4/30/2024 12:30:00 AM,179102424,17559.95
4/30/2024 12:45:00 AM,179102424,17692.54
4/30/2024 1:00:00 AM,179102424,17555.6
4/30/2024 1:15:00 AM,179102424,17917.8
4/30/2024 1:30:00 AM,179102424,17610.21
4/30/2024 1:45:00 AM,179102424,18342.3
4/30/2024 2:00:00 AM,179102424,18033.72
4/30/2024 2:15:00 AM,179102424,18053.07
4/30/2024 2:30:00 AM,179102424,17931.3
4/30/2024 2:45:00 AM,179102424,17606.94
4/30/2024 3:00:00 AM,179102424,18095.34
4/30/2024 3:15:00 AM,179102424,17553.96
4/30/2024 3:30:00 AM,179102424,17627.38
4/30/2024 3:45:00 AM,179102424,17418.67
4/30/2024 4:00:00 AM,179102424,17474.22
4/30/2024 4:15:00 AM,179102424,17645.04
4/30/2024 4:30:00 AM,179102424,17734.41
4/30/2024 4:45:00 AM,179102424,17592.76
4/30/2024 5:00:00 AM,179102424,17839.09
4/30/2024 5:15:00 AM,179102424,17416.98
4/30/2024 5:30:00 AM,179102424,17629.14
4/30/2024 5:45:00 AM,179102424,18819.99
4/30/2024 6:00:00 AM,179102424,19374.23
4/30/2024 6:15:00 AM,179102424,57306.93
4/30/2024 6:30:00 AM,179102424,37771.3
4/30/2024 6:45:00 AM,179102424,40488.83
4/30/2024 7:00:00 AM,179102424,40863.52
4/30/2024 7:15:00 AM,179102424,40930.59
4/30/2024 7:30:00 AM,179102424,41991.05
4/30/2024 7:45:00 AM,179102424,41703.44
4/30/2024 8:00:00 AM,179102424,43783.65
4/30/2024 8:15:00 AM,179102424,73261.34
4/30/2024 8:30:00 AM,179102424,44894.57
4/30/2024 8:45:00 AM,179102424,46501.06
4/30/2024 9:00:00 AM,179102424,49920.42
4/30/2024 9:15:00 AM,179102424,49529.34
4/30/2024 9:30:00 AM,179102424,52421.79
4/30/2024 9:45:00 AM,179102424,50248.88
4/30/2024 10:00:00 AM,179102424,51419.6
4/30/2024 10:15:00 AM,179102424,49596.87
4/30/2024 10:30:00 AM,179102424,48967.19
4/30/2024 10:45:00 AM,179102424,49815.17
4/30/2024 11:00:00 AM,179102424,49226.28
4/30/2024 11:15:00 AM,179102424,49578.11
4/30/2024 11:30:00 AM,179102424,48842.98
4/30/2024 11:45:00 AM,179102424,48854.29
4/30/2024 12:00:00 PM,179102424,52276.36
4/30/2024 12:15:00 AM,179102626,78872.7
4/30/2024 12:30:00 AM,179102626,80964.64
4/30/2024 12:45:00 AM,179102626,77985.24
4/30/2024 1:00:00 AM,179102626,78992.65
4/30/2024 1:15:00 AM,179102626,80264.53
4/30/2024 1:30:00 AM,179102626,78239.88
4/30/2024 1:45:00 AM,179102626,77295.62
4/30/2024 2:00:00 AM,179102626,68127.41
4/30/2024 2:15:00 AM,179102626,77257.35
4/30/2024 2:30:00 AM,179102626,75645.31
4/30/2024 2:45:00 AM,179102626,76617.04
4/30/2024 3:00:00 AM,179102626,76750.3
4/30/2024 3:15:00 AM,179102626,63202.3
4/30/2024 3:30:00 AM,179102626,76933.77
4/30/2024 3:45:00 AM,179102626,75984.49
4/30/2024 4:00:00 AM,179102626,79335.63
4/30/2024 4:15:00 AM,179102626,76269.2
4/30/2024 4:30:00 AM,179102626,78535.23
4/30/2024 4:45:00 AM,179102626,82910.59
4/30/2024 5:00:00 AM,179102626,76854.02
4/30/2024 5:15:00 AM,179102626,74898.66
4/30/2024 5:30:00 AM,179102626,114008.51
4/30/2024 5:45:00 AM,179102626,115104.03
4/30/2024 6:00:00 AM,179102626,115444.95
4/30/2024 6:15:00 AM,179102626,114349.95
4/30/2024 6:30:00 AM,179102626,114910.52
4/30/2024 6:45:00 AM,179102626,114480.7
4/30/2024 7:00:00 AM,179102626,115544.54
4/30/2024 7:15:00 AM,179102626,110394.84
4/30/2024 7:30:00 AM,179102626,77124.02
4/30/2024 7:45:00 AM,179102626,81111.09
4/30/2024 8:00:00 AM,179102626,78803.66
4/30/2024 8:15:00 AM,179102626,79584.45
4/30/2024 8:30:00 AM,179102626,76966.77
4/30/2024 8:45:00 AM,179102626,82067.08
4/30/2024 9:00:00 AM,179102626,70800.05
4/30/2024 9:15:00 AM,179102626,87144.4
4/30/2024 9:30:00 AM,179102626,96137.24
4/30/2024 9:45:00 AM,179102626,94112.68
4/30/2024 10:00:00 AM,179102626,94041.33
4/30/2024 10:15:00 AM,179102626,94430
4/30/2024 10:30:00 AM,179102626,86406.08
4/30/2024 10:45:00 AM,179102626,90223.47
4/30/2024 11:00:00 AM,179102626,89184.66
4/30/2024 11:15:00 AM,179102626,89438.24
4/30/2024 11:30:00 AM,179102626,91218.34
4/30/2024 11:45:00 AM,179102626,90321.43
4/30/2024 12:00:00 PM,179102626,92569.8
4/30/2024 12:15:00 AM,179102828,59908.1
4/30/2024 12:30:00 AM,179102828,60249.12
4/30/2024 12:45:00 AM,179102828,58487.13
4/30/2024 1:00:00 AM,179102828,57279.98
4/30/2024 1:15:00 AM,179102828,61388.36
4/30/2024 1:30:00 AM,179102828,58832.46
4/30/2024 1:45:00 AM,179102828,58063.87
4/30/2024 2:00:00 AM,179102828,62467.32
4/30/2024 2:15:00 AM,179102828,58818.2
4/30/2024 2:30:00 AM,179102828,59183.75
4/30/2024 2:45:00 AM,179102828,59933.07
4/30/2024 3:00:00 AM,179102828,58460.08
4/30/2024 3:15:00 AM,179102828,58859.57
4/30/2024 3:30:00 AM,179102828,58642.16
4/30/2024 3:45:00 AM,179102828,58041.83
4/30/2024 4:00:00 AM,179102828,58495.46
4/30/2024 4:15:00 AM,179102828,60366.11
4/30/2024 4:30:00 AM,179102828,60034.96
4/30/2024 4:45:00 AM,179102828,57893.43
4/30/2024 5:00:00 AM,179102828,57560.97
4/30/2024 5:15:00 AM,179102828,59625.93
4/30/2024 5:30:00 AM,179102828,58692.81
4/30/2024 5:45:00 AM,179102828,41273.04
4/30/2024 6:00:00 AM,179102828,61361.18
4/30/2024 6:15:00 AM,179102828,62452
4/30/2024 6:30:00 AM,179102828,62490.83
4/30/2024 6:45:00 AM,179102828,66411.88
4/30/2024 7:00:00 AM,179102828,65660.88
4/30/2024 7:15:00 AM,179102828,72576.5
4/30/2024 7:30:00 AM,179102828,76526.73
4/30/2024 7:45:00 AM,179102828,75815.37
4/30/2024 8:00:00 AM,179102828,82799.6
4/30/2024 8:15:00 AM,179102828,76641.72
4/30/2024 8:30:00 AM,179102828,73455.57
4/30/2024 8:45:00 AM,179102828,75856.28
4/30/2024 9:00:00 AM,179102828,94284.55
4/30/2024 9:15:00 AM,179102828,88092.48
4/30/2024 9:30:00 AM,179102828,90525.33
4/30/2024 9:45:00 AM,179102828,90985.52
4/30/2024 10:00:00 AM,179102828,94613.84
4/30/2024 10:15:00 AM,179102828,90351.85
4/30/2024 10:30:00 AM,179102828,101164.58
4/30/2024 10:45:00 AM,179102828,89372.9
4/30/2024 11:00:00 AM,179102828,108373.47
4/30/2024 11:15:00 AM,179102828,108065.45
4/30/2024 11:30:00 AM,179102828,105000.09
4/30/2024 11:45:00 AM,179102828,104365.96
4/30/2024 12:00:00 PM,179102828,113295.65
4/30/2024 12:15:00 AM,179103021,18941.86
4/30/2024 12:30:00 AM,179103021,20892.86
4/30/2024 12:45:00 AM,179103021,18886.6
4/30/2024 1:00:00 AM,179103021,19572.6
4/30/2024 1:15:00 AM,179103021,18964.7
4/30/2024 1:30:00 AM,179103021,16894.81
4/30/2024 1:45:00 AM,179103021,19183.7
4/30/2024 2:00:00 AM,179103021,19813.56
4/30/2024 2:15:00 AM,179103021,16900.21
4/30/2024 2:30:00 AM,179103021,17623.84
4/30/2024 2:45:00 AM,179103021,20816.15
4/30/2024 3:00:00 AM,179103021,18667.3
4/30/2024 3:15:00 AM,179103021,17538.92
4/30/2024 3:30:00 AM,179103021,19393.33
4/30/2024 3:45:00 AM,179103021,21435.34
4/30/2024 4:00:00 AM,179103021,22241.6
4/30/2024 4:15:00 AM,179103021,22708.93
4/30/2024 4:30:00 AM,179103021,21036.63
4/30/2024 4:45:00 AM,179103021,22543.18
4/30/2024 5:00:00 AM,179103021,21603.42
4/30/2024 5:15:00 AM,179103021,22296.09
4/30/2024 5:30:00 AM,179103021,20431.96
4/30/2024 5:45:00 AM,179103021,23011.93
4/30/2024 6:00:00 AM,179103021,22267.11
4/30/2024 6:15:00 AM,179103021,19768.78
4/30/2024 6:30:00 AM,179103021,21854.02
4/30/2024 6:45:00 AM,179103021,20667.03
4/30/2024 7:00:00 AM,179103021,22486.53
4/30/2024 7:15:00 AM,179103021,26401.77
4/30/2024 7:30:00 AM,179103021,23802.5
4/30/2024 7:45:00 AM,179103021,23704.88
4/30/2024 8:00:00 AM,179103021,26897.98
4/30/2024 8:15:00 AM,179103021,22763.53
4/30/2024 8:30:00 AM,179103021,26673.6
4/30/2024 8:45:00 AM,179103021,21187.96
4/30/2024 9:00:00 AM,179103021,24998.93
4/30/2024 9:15:00 AM,179103021,25301.38
4/30/2024 9:30:00 AM,179103021,25871.25
4/30/2024 9:45:00 AM,179103021,29467
4/30/2024 10:00:00 AM,179103021,27845.52
4/30/2024 10:15:00 AM,179103021,30876.54
4/30/2024 10:30:00 AM,179103021,31538.92
4/30/2024 10:45:00 AM,179103021,31829.28
4/30/2024 11:00:00 AM,179103021,31245.17
4/30/2024 11:15:00 AM,179103021,27303.49
4/30/2024 11:30:00 AM,179103021,32075.69
4/30/2024 11:45:00 AM,179103021,29358.04
4/30/2024 12:00:00 PM,179103021,31972.98
4/30/2024 12:15:00 AM,179103425,3781.16
4/30/2024 12:30:00 AM,179103425,692.27
4/30/2024 12:45:00 AM,179103425,683.85
4/30/2024 1:00:00 AM,179103425,676.18
4/30/2024 1:15:00 AM,179103425,1291.3
4/30/2024 1:30:00 AM,179103425,745.03
4/30/2024 1:45:00 AM,179103425,738.28
4/30/2024 2:00:00 AM,179103425,729.89
4/30/2024 2:15:00 AM,179103425,728.09
4/30/2024 2:30:00 AM,179103425,660.56
4/30/2024 2:45:00 AM,179103425,659.69
4/30/2024 3:00:00 AM,179103425,658.96
4/30/2024 3:15:00 AM,179103425,744.74
4/30/2024 3:30:00 AM,179103425,730.85
4/30/2024 3:45:00 AM,179103425,726.69
4/30/2024 4:00:00 AM,179103425,722.88
4/30/2024 4:15:00 AM,179103425,656.07
4/30/2024 4:30:00 AM,179103425,655.42
4/30/2024 4:45:00 AM,179103425,654.34
4/30/2024 5:00:00 AM,179103425,3845.98
4/30/2024 5:15:00 AM,179103425,730.77
4/30/2024 5:30:00 AM,179103425,730.12
4/30/2024 5:45:00 AM,179103425,723.67
4/30/2024 6:00:00 AM,179103425,2715.71
4/30/2024 6:15:00 AM,179103425,1527.37
4/30/2024 6:30:00 AM,179103425,1101.02
4/30/2024 6:45:00 AM,179103425,2254.9
4/30/2024 7:00:00 AM,179103425,4585.18
4/30/2024 7:15:00 AM,179103425,4568.39
4/30/2024 7:30:00 AM,179103425,4963.52
4/30/2024 7:45:00 AM,179103425,1132.91
4/30/2024 8:00:00 AM,179103425,1138.24
4/30/2024 8:15:00 AM,179103425,1072.09
4/30/2024 8:30:00 AM,179103425,1512.85
4/30/2024 8:45:00 AM,179103425,5405.35
4/30/2024 9:00:00 AM,179103425,5453.07
4/30/2024 9:15:00 AM,179103425,1525.13
4/30/2024 9:30:00 AM,179103425,1491.81
4/30/2024 9:45:00 AM,179103425,1535.59
4/30/2024 10:00:00 AM,179103425,1894.7
4/30/2024 10:15:00 AM,179103425,1641.94
4/30/2024 10:30:00 AM,179103425,1603.48
4/30/2024 10:45:00 AM,179103425,1594.17
4/30/2024 11:00:00 AM,179103425,1646.84
4/30/2024 11:15:00 AM,179103425,4854.69
4/30/2024 11:30:00 AM,179103425,758.65
4/30/2024 11:45:00 AM,179103425,755.59
4/30/2024 12:00:00 PM,179103425,687.91
4/30/2024 12:15:00 AM,179103728,29936.95
4/30/2024 12:30:00 AM,179103728,29321.55
4/30/2024 12:45:00 AM,179103728,29162.84
4/30/2024 1:00:00 AM,179103728,29517.69
4/30/2024 1:15:00 AM,179103728,29315.09
4/30/2024 1:30:00 AM,179103728,29135.33
4/30/2024 1:45:00 AM,179103728,29043.19
4/30/2024 2:00:00 AM,179103728,29243.7
4/30/2024 2:15:00 AM,179103728,28840.19
4/30/2024 2:30:00 AM,179103728,29680.2
4/30/2024 2:45:00 AM,179103728,28652.65
4/30/2024 3:00:00 AM,179103728,29491.39
4/30/2024 3:15:00 AM,179103728,32741.59
4/30/2024 3:30:00 AM,179103728,29517.48
4/30/2024 3:45:00 AM,179103728,29076
4/30/2024 4:00:00 AM,179103728,29145.91
4/30/2024 4:15:00 AM,179103728,36197.33
4/30/2024 4:30:00 AM,179103728,28299.72
4/30/2024 4:45:00 AM,179103728,28795.94
4/30/2024 5:00:00 AM,179103728,38285.3
4/30/2024 5:15:00 AM,179103728,28648.55
4/30/2024 5:30:00 AM,179103728,28100.91
4/30/2024 5:45:00 AM,179103728,28673.18
4/30/2024 6:00:00 AM,179103728,28510.84
4/30/2024 6:15:00 AM,179103728,81666.52
4/30/2024 6:30:00 AM,179103728,44501.84
4/30/2024 6:45:00 AM,179103728,67273.95
4/30/2024 7:00:00 AM,179103728,61017.15
4/30/2024 7:15:00 AM,179103728,58064.09
4/30/2024 7:30:00 AM,179103728,55256.92
4/30/2024 7:45:00 AM,179103728,55945.66
4/30/2024 8:00:00 AM,179103728,56608.57
4/30/2024 8:15:00 AM,179103728,54209.91
4/30/2024 8:30:00 AM,179103728,54455.62
4/30/2024 8:45:00 AM,179103728,55972.63
4/30/2024 9:00:00 AM,179103728,61295.27
4/30/2024 9:15:00 AM,179103728,58795
4/30/2024 9:30:00 AM,179103728,66186.89
4/30/2024 9:45:00 AM,179103728,67248.95
4/30/2024 10:00:00 AM,179103728,71427.66
4/30/2024 10:15:00 AM,179103728,73079.68
4/30/2024 10:30:00 AM,179103728,71477.41
4/30/2024 10:45:00 AM,179103728,75427.55
4/30/2024 11:00:00 AM,179103728,76689.09
4/30/2024 11:15:00 AM,179103728,77580.86
4/30/2024 11:30:00 AM,179103728,78597.89
4/30/2024 11:45:00 AM,179103728,75900.57
4/30/2024 12:00:00 PM,179103728,74710.15
4/30/2024 12:15:00 AM,179103829,4120.21
4/30/2024 12:30:00 AM,179103829,4049.64
4/30/2024 12:45:00 AM,179103829,6834.14
4/30/2024 1:00:00 AM,179103829,9153.98
4/30/2024 1:15:00 AM,179103829,8281.09
4/30/2024 1:30:00 AM,179103829,8234.7
4/30/2024 1:45:00 AM,179103829,8327.33
4/30/2024 2:00:00 AM,179103829,8257.81
4/30/2024 2:15:00 AM,179103829,6507
4/30/2024 2:30:00 AM,179103829,6557.66
4/30/2024 2:45:00 AM,179103829,6610.41
4/30/2024 3:00:00 AM,179103829,4167.69
4/30/2024 3:15:00 AM,179103829,4022.8
4/30/2024 3:30:00 AM,179103829,4027.28
4/30/2024 3:45:00 AM,179103829,3866.65
4/30/2024 4:00:00 AM,179103829,3924.42
4/30/2024 4:15:00 AM,179103829,4784.68
4/30/2024 4:30:00 AM,179103829,7361.37
4/30/2024 4:45:00 AM,179103829,7438.23
4/30/2024 5:00:00 AM,179103829,4815.2
4/30/2024 5:15:00 AM,179103829,4734.51
4/30/2024 5:30:00 AM,179103829,4577.85
4/30/2024 5:45:00 AM,179103829,6571.75
4/30/2024 6:00:00 AM,179103829,5751.67
4/30/2024 6:15:00 AM,179103829,6445.16
4/30/2024 6:30:00 AM,179103829,6605.58
4/30/2024 6:45:00 AM,179103829,19675.09
4/30/2024 7:00:00 AM,179103829,19877.65
4/30/2024 7:15:00 AM,179103829,14834.86
4/30/2024 7:30:00 AM,179103829,10937.72
4/30/2024 7:45:00 AM,179103829,10812.6
4/30/2024 8:00:00 AM,179103829,14531.48
4/30/2024 8:15:00 AM,179103829,7281.17
4/30/2024 8:30:00 AM,179103829,4746.75
4/30/2024 8:45:00 AM,179103829,4622.64
4/30/2024 9:00:00 AM,179103829,4909.05
4/30/2024 9:15:00 AM,179103829,4936.91
4/30/2024 9:30:00 AM,179103829,14940.22
4/30/2024 9:45:00 AM,179103829,10158.44
4/30/2024 10:00:00 AM,179103829,7496.38
4/30/2024 10:15:00 AM,179103829,7673.98
4/30/2024 10:30:00 AM,179103829,10178.14
4/30/2024 10:45:00 AM,179103829,10302.2
4/30/2024 11:00:00 AM,179103829,10908.37
4/30/2024 11:15:00 AM,179103829,16325.64
4/30/2024 11:30:00 AM,179103829,23096.13
4/30/2024 11:45:00 AM,179103829,19991.43
4/30/2024 12:00:00 PM,179103829,12425.59
4/30/2024 12:15:00 AM,179104325,70989.11
4/30/2024 12:30:00 AM,179104325,69247.91
4/30/2024 12:45:00 AM,179104325,67611.84
4/30/2024 1:00:00 AM,179104325,70309.96
4/30/2024 1:15:00 AM,179104325,68208.52
4/30/2024 1:30:00 AM,179104325,70303.66
4/30/2024 1:45:00 AM,179104325,68567.34
4/30/2024 2:00:00 AM,179104325,69406.89
4/30/2024 2:15:00 AM,179104325,68170.23
4/30/2024 2:30:00 AM,179104325,68468.33
4/30/2024 2:45:00 AM,179104325,69137.53
4/30/2024 3:00:00 AM,179104325,69328.45
4/30/2024 3:15:00 AM,179104325,67618.33
4/30/2024 3:30:00 AM,179104325,69573.4
4/30/2024 3:45:00 AM,179104325,68282.26
4/30/2024 4:00:00 AM,179104325,67065.96
4/30/2024 4:15:00 AM,179104325,67564.34
4/30/2024 4:30:00 AM,179104325,68438.73
4/30/2024 4:45:00 AM,179104325,67782.75
4/30/2024 5:00:00 AM,179104325,67755.32
4/30/2024 5:15:00 AM,179104325,67286.33
4/30/2024 5:30:00 AM,179104325,67904.83
4/30/2024 5:45:00 AM,179104325,67110.12
4/30/2024 6:00:00 AM,179104325,67609.54
4/30/2024 6:15:00 AM,179104325,109961.18
4/30/2024 6:30:00 AM,179104325,162717.36
4/30/2024 6:45:00 AM,179104325,151024.63
4/30/2024 7:00:00 AM,179104325,158776.17
4/30/2024 7:15:00 AM,179104325,168209.78
4/30/2024 7:30:00 AM,179104325,161039.2
4/30/2024 7:45:00 AM,179104325,167068.23
4/30/2024 8:00:00 AM,179104325,165892.78
4/30/2024 8:15:00 AM,179104325,175925.67
4/30/2024 8:30:00 AM,179104325,181880.95
4/30/2024 8:45:00 AM,179104325,187121.88
4/30/2024 9:00:00 AM,179104325,196987.89
4/30/2024 9:15:00 AM,179104325,199782.86
4/30/2024 9:30:00 AM,179104325,193904.7
4/30/2024 9:45:00 AM,179104325,208039.48
4/30/2024 10:00:00 AM,179104325,226582.27
4/30/2024 10:15:00 AM,179104325,222977.14
4/30/2024 10:30:00 AM,179104325,224436.17
4/30/2024 10:45:00 AM,179104325,220148.13
4/30/2024 11:00:00 AM,179104325,239507.03
4/30/2024 11:15:00 AM,179104325,231910.47
4/30/2024 11:30:00 AM,179104325,226377.44
4/30/2024 11:45:00 AM,179104325,238836.69
4/30/2024 12:00:00 PM,179104325,237878.13
4/30/2024 12:15:00 AM,179105326,56007.65
4/30/2024 12:30:00 AM,179105326,51443.96
4/30/2024 12:45:00 AM,179105326,50832.13
4/30/2024 1:00:00 AM,179105326,43224.3
4/30/2024 1:15:00 AM,179105326,44314.39
4/30/2024 1:30:00 AM,179105326,47972.43
4/30/2024 1:45:00 AM,179105326,46218.79
4/30/2024 2:00:00 AM,179105326,40414.05
4/30/2024 2:15:00 AM,179105326,40550.87
4/30/2024 2:30:00 AM,179105326,39290.32
4/30/2024 2:45:00 AM,179105326,46445.12
4/30/2024 3:00:00 AM,179105326,47293.54
4/30/2024 3:15:00 AM,179105326,48700.23
4/30/2024 3:30:00 AM,179105326,45370.3
4/30/2024 3:45:00 AM,179105326,43244.84
4/30/2024 4:00:00 AM,179105326,45005.5
4/30/2024 4:15:00 AM,179105326,48071.21
4/30/2024 4:30:00 AM,179105326,52582.29
4/30/2024 4:45:00 AM,179105326,52131.29
4/30/2024 5:00:00 AM,179105326,40899.06
4/30/2024 5:15:00 AM,179105326,38830.26
4/30/2024 5:30:00 AM,179105326,36804.29
4/30/2024 5:45:00 AM,179105326,51644.48
4/30/2024 6:00:00 AM,179105326,52587.84
4/30/2024 6:15:00 AM,179105326,51467.5
4/30/2024 6:30:00 AM,179105326,47718.13
4/30/2024 6:45:00 AM,179105326,57482.07
4/30/2024 7:00:00 AM,179105326,61380.44
4/30/2024 7:15:00 AM,179105326,59404.75
4/30/2024 7:30:00 AM,179105326,58345.86
4/30/2024 7:45:00 AM,179105326,45998.12
4/30/2024 8:00:00 AM,179105326,45218.97
4/30/2024 8:15:00 AM,179105326,46633.61
4/30/2024 8:30:00 AM,179105326,52768
4/30/2024 8:45:00 AM,179105326,51922.32
4/30/2024 9:00:00 AM,179105326,52849.79
4/30/2024 9:15:00 AM,179105326,58723.23
4/30/2024 9:30:00 AM,179105326,58708.23
4/30/2024 9:45:00 AM,179105326,48986.48
4/30/2024 10:00:00 AM,179105326,55329.96
4/30/2024 10:15:00 AM,179105326,54747.48
4/30/2024 10:30:00 AM,179105326,55402.62
4/30/2024 10:45:00 AM,179105326,72914.74
4/30/2024 11:00:00 AM,179105326,64918.31
4/30/2024 11:15:00 AM,179105326,64996.27
4/30/2024 11:30:00 AM,179105326,68573.3
4/30/2024 11:45:00 AM,179105326,69061.29
4/30/2024 12:00:00 PM,179105326,70313.87
4/30/2024 12:15:00 AM,179105427,23076.09
4/30/2024 12:30:00 AM,179105427,23223.01
4/30/2024 12:45:00 AM,179105427,24958.74
4/30/2024 1:00:00 AM,179105427,34935.07
4/30/2024 1:15:00 AM,179105427,22650.55
4/30/2024 1:30:00 AM,179105427,31902.12
4/30/2024 1:45:00 AM,179105427,22561.91
4/30/2024 2:00:00 AM,179105427,22693.33
4/30/2024 2:15:00 AM,179105427,24701.53
4/30/2024 2:30:00 AM,179105427,23945.84
4/30/2024 2:45:00 AM,179105427,22586.58
4/30/2024 3:00:00 AM,179105427,22939.7
4/30/2024 3:15:00 AM,179105427,22779.09
4/30/2024 3:30:00 AM,179105427,24624.73
4/30/2024 3:45:00 AM,179105427,22457.67
4/30/2024 4:00:00 AM,179105427,24258.09
4/30/2024 4:15:00 AM,179105427,22555.64
4/30/2024 4:30:00 AM,179105427,24526.07
4/30/2024 4:45:00 AM,179105427,26458.31
4/30/2024 5:00:00 AM,179105427,29266.8
4/30/2024 5:15:00 AM,179105427,27592.02
4/30/2024 5:30:00 AM,179105427,24441.52
4/30/2024 5:45:00 AM,179105427,26824.01
4/30/2024 6:00:00 AM,179105427,26770.92
4/30/2024 6:15:00 AM,179105427,26263.33
4/30/2024 6:30:00 AM,179105427,23514.1
4/30/2024 6:45:00 AM,179105427,26762.56
4/30/2024 7:00:00 AM,179105427,30881.64
4/30/2024 7:15:00 AM,179105427,28519.22
4/30/2024 7:30:00 AM,179105427,31646.13
4/30/2024 7:45:00 AM,179105427,29979.67
4/30/2024 8:00:00 AM,179105427,29724.34
4/30/2024 8:15:00 AM,179105427,34465.44
4/30/2024 8:30:00 AM,179105427,41854.41
4/30/2024 8:45:00 AM,179105427,33353.16
4/30/2024 9:00:00 AM,179105427,33172.69
4/30/2024 9:15:00 AM,179105427,32599.79
4/30/2024 9:30:00 AM,179105427,41743.99
4/30/2024 9:45:00 AM,179105427,33376
4/30/2024 10:00:00 AM,179105427,34317.3
4/30/2024 10:15:00 AM,179105427,33002.52
4/30/2024 10:30:00 AM,179105427,44549.7
4/30/2024 10:45:00 AM,179105427,30302.76
4/30/2024 11:00:00 AM,179105427,42924.91
4/30/2024 11:15:00 AM,179105427,46657.44
4/30/2024 11:30:00 AM,179105427,44515.95
4/30/2024 11:45:00 AM,179105427,32361.59
4/30/2024 12:00:00 PM,179105427,42699.36
4/30/2024 12:15:00 AM,179105427,23076.09
4/30/2024 12:30:00 AM,179105427,23223.01
4/30/2024 12:45:00 AM,179105427,24958.74
4/30/2024 1:00:00 AM,179105427,34935.07
4/30/2024 1:15:00 AM,179105427,22650.55
4/30/2024 1:30:00 AM,179105427,31902.12
4/30/2024 1:45:00 AM,179105427,22561.91
4/30/2024 2:00:00 AM,179105427,22693.33
4/30/2024 2:15:00 AM,179105427,24701.53
4/30/2024 2:30:00 AM,179105427,23945.84
4/30/2024 2:45:00 AM,179105427,22586.58
4/30/2024 3:00:00 AM,179105427,22939.7
4/30/2024 3:15:00 AM,179105427,22779.09
4/30/2024 3:30:00 AM,179105427,24624.73
4/30/2024 3:45:00 AM,179105427,22457.67
4/30/2024 4:00:00 AM,179105427,24258.09
4/30/2024 4:15:00 AM,179105427,22555.64
4/30/2024 4:30:00 AM,179105427,24526.07
4/30/2024 4:45:00 AM,179105427,26458.31
4/30/2024 5:00:00 AM,179105427,29266.8
4/30/2024 5:15:00 AM,179105427,27592.02
4/30/2024 5:30:00 AM,179105427,24441.52
4/30/2024 5:45:00 AM,179105427,26824.01
4/30/2024 6:00:00 AM,179105427,26770.92
4/30/2024 6:15:00 AM,179105427,26263.33
4/30/2024 6:30:00 AM,179105427,23514.1
4/30/2024 6:45:00 AM,179105427,26762.56
4/30/2024 7:00:00 AM,179105427,30881.64
4/30/2024 7:15:00 AM,179105427,28519.22
4/30/2024 7:30:00 AM,179105427,31646.13
4/30/2024 7:45:00 AM,179105427,29979.67
4/30/2024 8:00:00 AM,179105427,29724.34
4/30/2024 8:15:00 AM,179105427,34465.44
4/30/2024 8:30:00 AM,179105427,41854.41
4/30/2024 8:45:00 AM,179105427,33353.16
4/30/2024 9:00:00 AM,179105427,33172.69
4/30/2024 9:15:00 AM,179105427,32599.79
4/30/2024 9:30:00 AM,179105427,41743.99
4/30/2024 9:45:00 AM,179105427,33376
4/30/2024 10:00:00 AM,179105427,34317.3
4/30/2024 10:15:00 AM,179105427,33002.52
4/30/2024 10:30:00 AM,179105427,44549.7
4/30/2024 10:45:00 AM,179105427,30302.76
4/30/2024 11:00:00 AM,179105427,42924.91
4/30/2024 11:15:00 AM,179105427,46657.44
4/30/2024 11:30:00 AM,179105427,44515.95
4/30/2024 11:45:00 AM,179105427,32361.59
4/30/2024 12:00:00 PM,179105427,42699.36
4/30/2024 12:15:00 AM,179105427,23076.09
4/30/2024 12:30:00 AM,179105427,23223.01
4/30/2024 12:45:00 AM,179105427,24958.74
4/30/2024 1:00:00 AM,179105427,34935.07
4/30/2024 1:15:00 AM,179105427,22650.55
4/30/2024 1:30:00 AM,179105427,31902.12
4/30/2024 1:45:00 AM,179105427,22561.91
4/30/2024 2:00:00 AM,179105427,22693.33
4/30/2024 2:15:00 AM,179105427,24701.53
4/30/2024 2:30:00 AM,179105427,23945.84
4/30/2024 2:45:00 AM,179105427,22586.58
4/30/2024 3:00:00 AM,179105427,22939.7
4/30/2024 3:15:00 AM,179105427,22779.09
4/30/2024 3:30:00 AM,179105427,24624.73
4/30/2024 3:45:00 AM,179105427,22457.67
4/30/2024 4:00:00 AM,179105427,24258.09
4/30/2024 4:15:00 AM,179105427,22555.64
4/30/2024 4:30:00 AM,179105427,24526.07
4/30/2024 4:45:00 AM,179105427,26458.31
4/30/2024 5:00:00 AM,179105427,29266.8
4/30/2024 5:15:00 AM,179105427,27592.02
4/30/2024 5:30:00 AM,179105427,24441.52
4/30/2024 5:45:00 AM,179105427,26824.01
4/30/2024 6:00:00 AM,179105427,26770.92
4/30/2024 6:15:00 AM,179105427,26263.33
4/30/2024 6:30:00 AM,179105427,23514.1
4/30/2024 6:45:00 AM,179105427,26762.56
4/30/2024 7:00:00 AM,179105427,30881.64
4/30/2024 7:15:00 AM,179105427,28519.22
4/30/2024 7:30:00 AM,179105427,31646.13
4/30/2024 7:45:00 AM,179105427,29979.67
4/30/2024 8:00:00 AM,179105427,29724.34
4/30/2024 8:15:00 AM,179105427,34465.44
4/30/2024 8:30:00 AM,179105427,41854.41
4/30/2024 8:45:00 AM,179105427,33353.16
4/30/2024 9:00:00 AM,179105427,33172.69
4/30/2024 9:15:00 AM,179105427,32599.79
4/30/2024 9:30:00 AM,179105427,41743.99
4/30/2024 9:45:00 AM,179105427,33376
4/30/2024 10:00:00 AM,179105427,34317.3
4/30/2024 10:15:00 AM,179105427,33002.52
4/30/2024 10:30:00 AM,179105427,44549.7
4/30/2024 10:45:00 AM,179105427,30302.76
4/30/2024 11:00:00 AM,179105427,42924.91
4/30/2024 11:15:00 AM,179105427,46657.44
4/30/2024 11:30:00 AM,179105427,44515.95
4/30/2024 11:45:00 AM,179105427,32361.59
4/30/2024 12:00:00 PM,179105427,42699.36
4/30/2024 12:15:00 AM,179105427,23076.09
4/30/2024 12:30:00 AM,179105427,23223.01
4/30/2024 12:45:00 AM,179105427,24958.74
4/30/2024 1:00:00 AM,179105427,34935.07
4/30/2024 1:15:00 AM,179105427,22650.55
4/30/2024 1:30:00 AM,179105427,31902.12
4/30/2024 1:45:00 AM,179105427,22561.91
4/30/2024 2:00:00 AM,179105427,22693.33
4/30/2024 2:15:00 AM,179105427,24701.53
4/30/2024 2:30:00 AM,179105427,23945.84
4/30/2024 2:45:00 AM,179105427,22586.58
4/30/2024 3:00:00 AM,179105427,22939.7
4/30/2024 3:15:00 AM,179105427,22779.09
4/30/2024 3:30:00 AM,179105427,24624.73
4/30/2024 3:45:00 AM,179105427,22457.67
4/30/2024 4:00:00 AM,179105427,24258.09
4/30/2024 4:15:00 AM,179105427,22555.64
4/30/2024 4:30:00 AM,179105427,24526.07
4/30/2024 4:45:00 AM,179105427,26458.31
4/30/2024 5:00:00 AM,179105427,29266.8
4/30/2024 5:15:00 AM,179105427,27592.02
4/30/2024 5:30:00 AM,179105427,24441.52
4/30/2024 5:45:00 AM,179105427,26824.01
4/30/2024 6:00:00 AM,179105427,26770.92
4/30/2024 6:15:00 AM,179105427,26263.33
4/30/2024 6:30:00 AM,179105427,23514.1
4/30/2024 6:45:00 AM,179105427,26762.56
4/30/2024 7:00:00 AM,179105427,30881.64
4/30/2024 7:15:00 AM,179105427,28519.22
4/30/2024 7:30:00 AM,179105427,31646.13
4/30/2024 7:45:00 AM,179105427,29979.67
4/30/2024 8:00:00 AM,179105427,29724.34
4/30/2024 8:15:00 AM,179105427,34465.44
4/30/2024 8:30:00 AM,179105427,41854.41
4/30/2024 8:45:00 AM,179105427,33353.16
4/30/2024 9:00:00 AM,179105427,33172.69
4/30/2024 9:15:00 AM,179105427,32599.79
4/30/2024 9:30:00 AM,179105427,41743.99
4/30/2024 9:45:00 AM,179105427,33376
4/30/2024 10:00:00 AM,179105427,34317.3
4/30/2024 10:15:00 AM,179105427,33002.52
4/30/2024 10:30:00 AM,179105427,44549.7
4/30/2024 10:45:00 AM,179105427,30302.76
4/30/2024 11:00:00 AM,179105427,42924.91
4/30/2024 11:15:00 AM,179105427,46657.44
4/30/2024 11:30:00 AM,179105427,44515.95
4/30/2024 11:45:00 AM,179105427,32361.59
4/30/2024 12:00:00 PM,179105427,42699.36
4/30/2024 12:15:00 AM,179105629,276574.44
4/30/2024 12:30:00 AM,179105629,272809.38
4/30/2024 12:45:00 AM,179105629,270711.78
4/30/2024 1:00:00 AM,179105629,308660.91
4/30/2024 1:15:00 AM,179105629,319447.22
4/30/2024 1:30:00 AM,179105629,312122.66
4/30/2024 1:45:00 AM,179105629,298281.44
4/30/2024 2:00:00 AM,179105629,299201.16
4/30/2024 2:15:00 AM,179105629,229425.05
4/30/2024 2:30:00 AM,179105629,236862.36
4/30/2024 2:45:00 AM,179105629,294485.22
4/30/2024 3:00:00 AM,179105629,274417.66
4/30/2024 3:15:00 AM,179105629,301747.06
4/30/2024 3:30:00 AM,179105629,231506.97
4/30/2024 3:45:00 AM,179105629,268531.22
4/30/2024 4:00:00 AM,179105629,303875.97
4/30/2024 4:15:00 AM,179105629,318787.81
4/30/2024 4:30:00 AM,179105629,287149.09
4/30/2024 4:45:00 AM,179105629,273756.97
4/30/2024 5:00:00 AM,179105629,234074.33
4/30/2024 5:15:00 AM,179105629,263526.19
4/30/2024 5:30:00 AM,179105629,304282.03
4/30/2024 5:45:00 AM,179105629,340853.72
4/30/2024 6:00:00 AM,179105629,256566.27
4/30/2024 6:15:00 AM,179105629,0
4/30/2024 6:30:00 AM,179105629,226052.25
4/30/2024 6:45:00 AM,179105629,306326.84
4/30/2024 7:00:00 AM,179105629,297488.59
4/30/2024 7:15:00 AM,179105629,297956.72
4/30/2024 7:30:00 AM,179105629,334563.09
4/30/2024 7:45:00 AM,179105629,283199.69
4/30/2024 8:00:00 AM,179105629,347314.44
4/30/2024 8:15:00 AM,179105629,353616.81
4/30/2024 8:30:00 AM,179105629,302323.59
4/30/2024 8:45:00 AM,179105629,375926.47
4/30/2024 9:00:00 AM,179105629,346153.28
4/30/2024 9:15:00 AM,179105629,395811.13
4/30/2024 9:30:00 AM,179105629,442865.75
4/30/2024 9:45:00 AM,179105629,408482.56
4/30/2024 10:00:00 AM,179105629,388551.66
4/30/2024 10:15:00 AM,179105629,363746.69
4/30/2024 10:30:00 AM,179105629,392049
4/30/2024 10:45:00 AM,179105629,433076.81
4/30/2024 11:00:00 AM,179105629,381128.66
4/30/2024 11:15:00 AM,179105629,413845.56
4/30/2024 11:30:00 AM,179105629,430462.31
4/30/2024 11:45:00 AM,179105629,409493.53
4/30/2024 12:00:00 PM,179105629,436150.44
4/30/2024 12:15:00 AM,179105932,46627.77
4/30/2024 12:30:00 AM,179105932,44129.81
4/30/2024 12:45:00 AM,179105932,43231.41
4/30/2024 1:00:00 AM,179105932,43078.09
4/30/2024 1:15:00 AM,179105932,43141.71
4/30/2024 1:30:00 AM,179105932,44640.62
4/30/2024 1:45:00 AM,179105932,45085.45
4/30/2024 2:00:00 AM,179105932,45836.1
4/30/2024 2:15:00 AM,179105932,46431.89
4/30/2024 2:30:00 AM,179105932,44001.29
4/30/2024 2:45:00 AM,179105932,43834.75
4/30/2024 3:00:00 AM,179105932,42870.73
4/30/2024 3:15:00 AM,179105932,43844.99
4/30/2024 3:30:00 AM,179105932,44209.47
4/30/2024 3:45:00 AM,179105932,44858.99
4/30/2024 4:00:00 AM,179105932,44582.04
4/30/2024 4:15:00 AM,179105932,44276.14
4/30/2024 4:30:00 AM,179105932,43973.02
4/30/2024 4:45:00 AM,179105932,43071.83
4/30/2024 5:00:00 AM,179105932,42076.72
4/30/2024 5:15:00 AM,179105932,44685.48
4/30/2024 5:30:00 AM,179105932,50960.98
4/30/2024 5:45:00 AM,179105932,49263.54
4/30/2024 6:00:00 AM,179105932,65308.08
4/30/2024 6:15:00 AM,179105932,300281.53
4/30/2024 6:30:00 AM,179105932,260338.5
4/30/2024 6:45:00 AM,179105932,167913.67
4/30/2024 7:00:00 AM,179105932,172948.72
4/30/2024 7:15:00 AM,179105932,170664.19
4/30/2024 7:30:00 AM,179105932,169572.11
4/30/2024 7:45:00 AM,179105932,179386.08
4/30/2024 8:00:00 AM,179105932,193286.69
4/30/2024 8:15:00 AM,179105932,195685.81
4/30/2024 8:30:00 AM,179105932,203835.28
4/30/2024 8:45:00 AM,179105932,203745.97
4/30/2024 9:00:00 AM,179105932,219316.48
4/30/2024 9:15:00 AM,179105932,213673.44
4/30/2024 9:30:00 AM,179105932,213299.53
4/30/2024 9:45:00 AM,179105932,218301.23
4/30/2024 10:00:00 AM,179105932,221507.64
4/30/2024 10:15:00 AM,179105932,221059.75
4/30/2024 10:30:00 AM,179105932,220129.2
4/30/2024 10:45:00 AM,179105932,217380.95
4/30/2024 11:00:00 AM,179105932,221538.73
4/30/2024 11:15:00 AM,179105932,214223.52
4/30/2024 11:30:00 AM,179105932,221295.59
4/30/2024 11:45:00 AM,179105932,221392.47
4/30/2024 12:00:00 PM,179105932,217094.39
4/30/2024 12:15:00 AM,179106226,10961.56
4/30/2024 12:30:00 AM,179106226,10706.5
4/30/2024 12:45:00 AM,179106226,11028.24
4/30/2024 1:00:00 AM,179106226,10636.99
4/30/2024 1:15:00 AM,179106226,10838.35
4/30/2024 1:30:00 AM,179106226,10620.5
4/30/2024 1:45:00 AM,179106226,10910.52
4/30/2024 2:00:00 AM,179106226,11299.27
4/30/2024 2:15:00 AM,179106226,13606.55
4/30/2024 2:30:00 AM,179106226,10712.88
4/30/2024 2:45:00 AM,179106226,10590.56
4/30/2024 3:00:00 AM,179106226,11185.17
4/30/2024 3:15:00 AM,179106226,10774.12
4/30/2024 3:30:00 AM,179106226,10783.49
4/30/2024 3:45:00 AM,179106226,10650.89
4/30/2024 4:00:00 AM,179106226,10324.67
4/30/2024 4:15:00 AM,179106226,10227.78
4/30/2024 4:30:00 AM,179106226,10357.03
4/30/2024 4:45:00 AM,179106226,10667
4/30/2024 5:00:00 AM,179106226,10165.14
4/30/2024 5:15:00 AM,179106226,10481.08
4/30/2024 5:30:00 AM,179106226,10296.79
4/30/2024 5:45:00 AM,179106226,10070.03
4/30/2024 6:00:00 AM,179106226,11765.09
4/30/2024 6:15:00 AM,179106226,12860.86
4/30/2024 6:30:00 AM,179106226,22994.83
4/30/2024 6:45:00 AM,179106226,44766.26
4/30/2024 7:00:00 AM,179106226,39641.07
4/30/2024 7:15:00 AM,179106226,32381.14
4/30/2024 7:30:00 AM,179106226,26154.95
4/30/2024 7:45:00 AM,179106226,23906.66
4/30/2024 8:00:00 AM,179106226,21983.8
4/30/2024 8:15:00 AM,179106226,21567.79
4/30/2024 8:30:00 AM,179106226,22709.07
4/30/2024 8:45:00 AM,179106226,23093.05
4/30/2024 9:00:00 AM,179106226,26434.44
4/30/2024 9:15:00 AM,179106226,27402.27
4/30/2024 9:30:00 AM,179106226,28296.74
4/30/2024 9:45:00 AM,179106226,27822.74
4/30/2024 10:00:00 AM,179106226,27942.15
4/30/2024 10:15:00 AM,179106226,28830.59
4/30/2024 10:30:00 AM,179106226,30493.13
4/30/2024 10:45:00 AM,179106226,29174.9
4/30/2024 11:00:00 AM,179106226,27855.74
4/30/2024 11:15:00 AM,179106226,29361.29
4/30/2024 11:30:00 AM,179106226,27416.13
4/30/2024 11:45:00 AM,179106226,27754.4
4/30/2024 12:00:00 PM,179106226,27478.7
4/30/2024 12:15:00 AM,179106933,
4/30/2024 12:30:00 AM,179106933,
4/30/2024 12:45:00 AM,179106933,
4/30/2024 1:00:00 AM,179106933,
4/30/2024 1:15:00 AM,179106933,
4/30/2024 1:30:00 AM,179106933,
4/30/2024 1:45:00 AM,179106933,
4/30/2024 2:00:00 AM,179106933,
4/30/2024 2:15:00 AM,179106933,
4/30/2024 2:30:00 AM,179106933,
4/30/2024 2:45:00 AM,179106933,
4/30/2024 3:00:00 AM,179106933,
4/30/2024 3:15:00 AM,179106933,
4/30/2024 3:30:00 AM,179106933,
4/30/2024 3:45:00 AM,179106933,
4/30/2024 4:00:00 AM,179106933,
4/30/2024 4:15:00 AM,179106933,
4/30/2024 4:30:00 AM,179106933,
4/30/2024 4:45:00 AM,179106933,
4/30/2024 5:00:00 AM,179106933,
4/30/2024 5:15:00 AM,179106933,
4/30/2024 5:30:00 AM,179106933,
4/30/2024 5:45:00 AM,179106933,
4/30/2024 6:00:00 AM,179106933,
4/30/2024 6:15:00 AM,179106933,
4/30/2024 6:30:00 AM,179106933,
4/30/2024 6:45:00 AM,179106933,
4/30/2024 7:00:00 AM,179106933,
4/30/2024 7:15:00 AM,179106933,
4/30/2024 7:30:00 AM,179106933,
4/30/2024 7:45:00 AM,179106933,
4/30/2024 8:00:00 AM,179106933,
4/30/2024 8:15:00 AM,179106933,
4/30/2024 8:30:00 AM,179106933,
4/30/2024 8:45:00 AM,179106933,
4/30/2024 9:00:00 AM,179106933,
4/30/2024 9:15:00 AM,179106933,
4/30/2024 9:30:00 AM,179106933,
4/30/2024 9:45:00 AM,179106933,
4/30/2024 10:00:00 AM,179106933,
4/30/2024 10:15:00 AM,179106933,
4/30/2024 10:30:00 AM,179106933,
4/30/2024 10:45:00 AM,179106933,
4/30/2024 11:00:00 AM,179106933,
4/30/2024 11:15:00 AM,179106933,
4/30/2024 11:30:00 AM,179106933,
4/30/2024 11:45:00 AM,179106933,
4/30/2024 12:00:00 PM,179106933,
4/30/2024 12:15:00 AM,179107328,70052.64
4/30/2024 12:30:00 AM,179107328,67453.17
4/30/2024 12:45:00 AM,179107328,67129.92
4/30/2024 1:00:00 AM,179107328,63883.78
4/30/2024 1:15:00 AM,179107328,70307.19
4/30/2024 1:30:00 AM,179107328,63904.64
4/30/2024 1:45:00 AM,179107328,66932.39
4/30/2024 2:00:00 AM,179107328,68587.93
4/30/2024 2:15:00 AM,179107328,70610.77
4/30/2024 2:30:00 AM,179107328,70101.57
4/30/2024 2:45:00 AM,179107328,67394.53
4/30/2024 3:00:00 AM,179107328,67739.62
4/30/2024 3:15:00 AM,179107328,69691.35
4/30/2024 3:30:00 AM,179107328,70266.58
4/30/2024 3:45:00 AM,179107328,70290.98
4/30/2024 4:00:00 AM,179107328,70587.98
4/30/2024 4:15:00 AM,179107328,70710.84
4/30/2024 4:30:00 AM,179107328,70349.34
4/30/2024 4:45:00 AM,179107328,69792.67
4/30/2024 5:00:00 AM,179107328,71047.92
4/30/2024 5:15:00 AM,179107328,69965.78
4/30/2024 5:30:00 AM,179107328,69564.13
4/30/2024 5:45:00 AM,179107328,69813.16
4/30/2024 6:00:00 AM,179107328,70813.55
4/30/2024 6:15:00 AM,179107328,69346.78
4/30/2024 6:30:00 AM,179107328,69602.44
4/30/2024 6:45:00 AM,179107328,69469.55
4/30/2024 7:00:00 AM,179107328,70630.63
4/30/2024 7:15:00 AM,179107328,70879.72
4/30/2024 7:30:00 AM,179107328,79138.55
4/30/2024 7:45:00 AM,179107328,80746.39
4/30/2024 8:00:00 AM,179107328,80094.16
4/30/2024 8:15:00 AM,179107328,84152.34
4/30/2024 8:30:00 AM,179107328,83436.2
4/30/2024 8:45:00 AM,179107328,85569.59
4/30/2024 9:00:00 AM,179107328,83315.53
4/30/2024 9:15:00 AM,179107328,78618.13
4/30/2024 9:30:00 AM,179107328,82558.37
4/30/2024 9:45:00 AM,179107328,87761.02
4/30/2024 10:00:00 AM,179107328,88074.95
4/30/2024 10:15:00 AM,179107328,84976.18
4/30/2024 10:30:00 AM,179107328,87910.64
4/30/2024 10:45:00 AM,179107328,86313.03
4/30/2024 11:00:00 AM,179107328,78758.45
4/30/2024 11:15:00 AM,179107328,82793.01
4/30/2024 11:30:00 AM,179107328,80210.96
4/30/2024 11:45:00 AM,179107328,79050.22
4/30/2024 12:00:00 PM,179107328,79103.89
4/30/2024 12:15:00 AM,247822025,43767.05
4/30/2024 12:30:00 AM,247822025,42310.59
4/30/2024 12:45:00 AM,247822025,42187.13
4/30/2024 1:00:00 AM,247822025,42766.21
4/30/2024 1:15:00 AM,247822025,42297
4/30/2024 1:30:00 AM,247822025,42725.92
4/30/2024 1:45:00 AM,247822025,42411.43
4/30/2024 2:00:00 AM,247822025,44039.76
4/30/2024 2:15:00 AM,247822025,22044.4
4/30/2024 2:30:00 AM,247822025,22284.72
4/30/2024 2:45:00 AM,247822025,21841.35
4/30/2024 3:00:00 AM,247822025,21917.31
4/30/2024 3:15:00 AM,247822025,21423.8
4/30/2024 3:30:00 AM,247822025,21293.13
4/30/2024 3:45:00 AM,247822025,21438.93
4/30/2024 4:00:00 AM,247822025,21048.84
4/30/2024 4:15:00 AM,247822025,19948.84
4/30/2024 4:30:00 AM,247822025,20299.97
4/30/2024 4:45:00 AM,247822025,20043.79
4/30/2024 5:00:00 AM,247822025,20024.62
4/30/2024 5:15:00 AM,247822025,19847.48
4/30/2024 5:30:00 AM,247822025,20114.85
4/30/2024 5:45:00 AM,247822025,23804.41
4/30/2024 6:00:00 AM,247822025,19971.36
4/30/2024 6:15:00 AM,247822025,24142.69
4/30/2024 6:30:00 AM,247822025,20501.67
4/30/2024 6:45:00 AM,247822025,24057.62
4/30/2024 7:00:00 AM,247822025,20100.69
4/30/2024 7:15:00 AM,247822025,19959.04
4/30/2024 7:30:00 AM,247822025,20223.01
4/30/2024 7:45:00 AM,247822025,20095.32
4/30/2024 8:00:00 AM,247822025,20015.94
4/30/2024 8:15:00 AM,247822025,20244.22
4/30/2024 8:30:00 AM,247822025,19853.87
4/30/2024 8:45:00 AM,247822025,20288.81
4/30/2024 9:00:00 AM,247822025,24889.07
4/30/2024 9:15:00 AM,247822025,20551.66
4/30/2024 9:30:00 AM,247822025,22944.8
4/30/2024 9:45:00 AM,247822025,23060.22
4/30/2024 10:00:00 AM,247822025,25222.34
4/30/2024 10:15:00 AM,247822025,25623.12
4/30/2024 10:30:00 AM,247822025,24619.54
4/30/2024 10:45:00 AM,247822025,28654.57
4/30/2024 11:00:00 AM,247822025,41706.17
4/30/2024 11:15:00 AM,247822025,41433.77
4/30/2024 11:30:00 AM,247822025,42621.2
4/30/2024 11:45:00 AM,247822025,42029.38
4/30/2024 12:00:00 PM,247822025,41843.09