,datetime,meter_id,meter_reading,Watts,kWh
0,4/30/2024 12:15:00 AM,179101524,29737.42,29737420.0,7434.355
1,4/30/2024 12:30:00 AM,179101524,29905.67,29905670.0,7476.4175
2,4/30/2024 12:45:00 AM,179101524,30078.67,30078670.0,7519.6675
3,4/30/2024 1:00:00 AM,179101524,29619.59,29619590.0,7404.8975
4,4/30/2024 1:15:00 AM,179101524,29877.85,29877850.0,7469.4625
5,4/30/2024 1:30:00 AM,179101524,29920.65,29920650.0,7480.1625
6,4/30/2024 1:45:00 AM,179101524,29666.95,29666950.0,7416.7375
7,4/30/2024 2:00:00 AM,179101524,30133.48,30133480.0,7533.37
8,4/30/2024 2:15:00 AM,179101524,30361.59,30361590.0,7590.3975
9,4/30/2024 2:30:00 AM,179101524,30338.31,30338310.0,7584.5775
10,4/30/2024 2:45:00 AM,179101524,30731.18,30731180.0,7682.795
11,4/30/2024 3:00:00 AM,179101524,30518.71,30518710.0,7629.6775
12,4/30/2024 3:15:00 AM,179101524,31252.29,31252290.0,7813.0725
13,4/30/2024 3:30:00 AM,179101524,30448.02,30448020.0,7612.005
14,4/30/2024 3:45:00 AM,179101524,30471.83,30471830.0,7617.9575
15,4/30/2024 4:00:00 AM,179101524,30127.11,30127110.0,7531.7775
16,4/30/2024 4:15:00 AM,179101524,29637.2,29637200.0,7409.3
17,4/30/2024 4:30:00 AM,179101524,29421.92,29421920.0,7355.48
18,4/30/2024 4:45:00 AM,179101524,29560.36,29560360.0,7390.09
19,4/30/2024 5:00:00 AM,179101524,32142.07,32142070.0,8035.5175
20,4/30/2024 5:15:00 AM,179101524,34695.91,34695910.0,8673.9775
21,4/30/2024 5:30:00 AM,179101524,36477.68,36477680.0,9119.42
22,4/30/2024 5:45:00 AM,179101524,36432.48,36432480.0,9108.12
23,4/30/2024 6:00:00 AM,179101524,36149.51,36149510.0,9037.3775
24,4/30/2024 6:15:00 AM,179101524,35750.6,35750600.0,8937.65
25,4/30/2024 6:30:00 AM,179101524,41141.61,41141610.0,10285.4025
26,4/30/2024 6:45:00 AM,179101524,41618.7,41618700.0,10404.675
27,4/30/2024 7:00:00 AM,179101524,40814.7,40814700.0,10203.675
28,4/30/2024 7:15:00 AM,179101524,40271.29,40271290.0,10067.8225
29,4/30/2024 7:30:00 AM,179101524,40860.94,40860940.0,10215.235
30,4/30/2024 7:45:00 AM,179101524,41917.32,41917320.0,10479.33
31,4/30/2024 8:00:00 AM,179101524,44173.99,44173990.0,11043.4975
32,4/30/2024 8:15:00 AM,179101524,43516.09,43516090.0,10879.0225
33,4/30/2024 8:30:00 AM,179101524,43072.29,43072290.0,10768.0725
34,4/30/2024 8:45:00 AM,179101524,42823.71,42823710.0,10705.9275
35,4/30/2024 9:00:00 AM,179101524,43028.59,43028590.0,10757.1475
36,4/30/2024 9:15:00 AM,179101524,43006.73,43006730.0,10751.6825
37,4/30/2024 9:30:00 AM,179101524,47826.09,47826090.0,11956.5225
38,4/30/2024 9:45:00 AM,179101524,44467.62,44467620.0,11116.905
39,4/30/2024 10:00:00 AM,179101524,45958.9,45958900.0,11489.725
40,4/30/2024 10:15:00 AM,179101524,45505.31,45505310.0,11376.3275
41,4/30/2024 10:30:00 AM,179101524,45574.8,45574800.0,11393.7
42,4/30/2024 10:45:00 AM,179101524,45850.46,45850460.0,11462.615
43,4/30/2024 11:00:00 AM,179101524,45274.25,45274250.0,11318.5625
44,4/30/2024 11:15:00 AM,179101524,45672.93,45672930.0,11418.2325
45,4/30/2024 11:30:00 AM,179101524,45675.74,45675740.0,11418.935
46,4/30/2024 11:45:00 AM,179101524,46171.46,46171460.0,11542.865
47,4/30/2024 12:00:00 PM,179101524,47235.01,47235010.0,11808.7525
48,4/30/2024 12:15:00 AM,179101928,23513.21,23513210.0,5878.3025
49,4/30/2024 12:30:00 AM,179101928,23044.94,23044940.0,5761.235
50,4/30/2024 12:45:00 AM,179101928,22190.35,22190350.0,5547.5875
51,4/30/2024 1:00:00 AM,179101928,8893.29,8893290.0,2223.3225
52,4/30/2024 1:15:00 AM,179101928,8985.09,8985090.0,2246.2725
53,4/30/2024 1:30:00 AM,179101928,8946.35,8946350.0,2236.5875
54,4/30/2024 1:45:00 AM,179101928,22409.14,22409140.0,5602.285
55,4/30/2024 2:00:00 AM,179101928,22349.09,22349090.0,5587.2725
56,4/30/2024 2:15:00 AM,179101928,22662.79,22662790.0,5665.6975
57,4/30/2024 2:30:00 AM,179101928,8937.87,8937870.0,2234.4675
58,4/30/2024 2:45:00 AM,179101928,8958.1,8958100.0,2239.525
59,4/30/2024 3:00:00 AM,179101928,8878.34,8878340.0,2219.585
60,4/30/2024 3:15:00 AM,179101928,8985.59,8985590.0,2246.3975
61,4/30/2024 3:30:00 AM,179101928,22190.31,22190310.0,5547.5775
62,4/30/2024 3:45:00 AM,179101928,22236.79,22236790.0,5559.1975
63,4/30/2024 4:00:00 AM,179101928,9375.57,9375570.0,2343.8925
64,4/30/2024 4:15:00 AM,179101928,9311.86,9311860.0,2327.965
65,4/30/2024 4:30:00 AM,179101928,9597.89,9597890.0,2399.4725
66,4/30/2024 4:45:00 AM,179101928,9558.0,9558000.0,2389.5
67,4/30/2024 5:00:00 AM,179101928,22347.83,22347830.0,5586.9575
68,4/30/2024 5:15:00 AM,179101928,22133.51,22133510.0,5533.3775
69,4/30/2024 5:30:00 AM,179101928,9439.26,9439260.0,2359.815
70,4/30/2024 5:45:00 AM,179101928,9080.8,9080800.0,2270.2
71,4/30/2024 6:00:00 AM,179101928,20152.51,20152510.0,5038.1275
72,4/30/2024 6:15:00 AM,179101928,21060.24,21060240.0,5265.06
73,4/30/2024 6:30:00 AM,179101928,8105.05,8105050.0,2026.2625
74,4/30/2024 6:45:00 AM,179101928,8302.9,8302900.0,2075.725
75,4/30/2024 7:00:00 AM,179101928,8380.61,8380610.000000001,2095.1525
76,4/30/2024 7:15:00 AM,179101928,9555.29,9555290.0,2388.8225
77,4/30/2024 7:30:00 AM,179101928,20842.05,20842050.0,5210.5125
78,4/30/2024 7:45:00 AM,179101928,21643.32,21643320.0,5410.83
79,4/30/2024 8:00:00 AM,179101928,8883.63,8883630.0,2220.9075
80,4/30/2024 8:15:00 AM,179101928,9741.83,9741830.0,2435.4575
81,4/30/2024 8:30:00 AM,179101928,8867.43,8867430.0,2216.8575
82,4/30/2024 8:45:00 AM,179101928,9230.48,9230480.0,2307.62
83,4/30/2024 9:00:00 AM,179101928,22269.11,22269110.0,5567.2775
84,4/30/2024 9:15:00 AM,179101928,21949.06,21949060.0,5487.265
85,4/30/2024 9:30:00 AM,179101928,23853.41,23853410.0,5963.3525
86,4/30/2024 9:45:00 AM,179101928,23625.04,23625040.0,5906.26
87,4/30/2024 10:00:00 AM,179101928,29439.07,29439070.0,7359.7675
88,4/30/2024 10:15:00 AM,179101928,14044.75,14044750.0,3511.1875
89,4/30/2024 10:30:00 AM,179101928,29161.36,29161360.0,7290.34
90,4/30/2024 10:45:00 AM,179101928,29414.13,29414130.0,7353.5325
91,4/30/2024 11:00:00 AM,179101928,29477.88,29477880.0,7369.47
92,4/30/2024 11:15:00 AM,179101928,29210.21,29210210.0,7302.5525
93,4/30/2024 11:30:00 AM,179101928,27829.75,27829750.0,6957.4375
94,4/30/2024 11:45:00 AM,179101928,13943.91,13943910.0,3485.9775
95,4/30/2024 12:00:00 PM,179101928,26511.73,26511730.0,6627.9325
96,4/30/2024 12:15:00 AM,179102121,,,
97,4/30/2024 12:30:00 AM,179102121,,,
98,4/30/2024 12:45:00 AM,179102121,,,
99,4/30/2024 1:00:00 AM,179102121,,,
100,4/30/2024 1:15:00 AM,179102121,,,
101,4/30/2024 1:30:00 AM,179102121,,,
102,4/30/2024 1:45:00 AM,179102121,,,
103,4/30/2024 2:00:00 AM,179102121,,,
104,4/30/2024 2:15:00 AM,179102121,,,
105,4/30/2024 2:30:00 AM,179102121,,,
106,4/30/2024 2:45:00 AM,179102121,,,
107,4/30/2024 3:00:00 AM,179102121,,,
108,4/30/2024 3:15:00 AM,179102121,,,
109,4/30/2024 3:30:00 AM,179102121,,,
110,4/30/2024 3:45:00 AM,179102121,,,
111,4/30/2024 4:00:00 AM,179102121,,,
112,4/30/2024 4:15:00 AM,179102121,,,
113,4/30/2024 4:30:00 AM,179102121,,,
114,4/30/2024 4:45:00 AM,179102121,,,
115,4/30/2024 5:00:00 AM,179102121,,,
116,4/30/2024 5:15:00 AM,179102121,,,
117,4/30/2024 5:30:00 AM,179102121,,,
118,4/30/2024 5:45:00 AM,179102121,,,
119,4/30/2024 6:00:00 AM,179102121,,,
120,4/30/2024 6:15:00 AM,179102121,,,
121,4/30/2024 6:30:00 AM,179102121,,,
122,4/30/2024 6:45:00 AM,179102121,,,
123,4/30/2024 7:00:00 AM,179102121,,,
124,4/30/2024 7:15:00 AM,179102121,,,
125,4/30/2024 7:30:00 AM,179102121,,,
126,4/30/2024 7:45:00 AM,179102121,,,
127,4/30/2024 8:00:00 AM,179102121,,,
128,4/30/2024 8:15:00 AM,179102121,,,
129,4/30/2024 8:30:00 AM,179102121,,,
130,4/30/2024 8:45:00 AM,179102121,,,
131,4/30/2024 9:00:00 AM,179102121,,,
132,4/30/2024 9:15:00 AM,179102121,,,
133,4/30/2024 9:30:00 AM,179102121,,,
134,4/30/2024 9:45:00 AM,179102121,,,
135,4/30/2024 10:00:00 AM,179102121,,,
136,4/30/2024 10:15:00 AM,179102121,,,
137,4/30/2024 10:30:00 AM,179102121,,,
138,4/30/2024 10:45:00 AM,179102121,,,
139,4/30/2024 11:00:00 AM,179102121,,,
140,4/30/2024 11:15:00 AM,179102121,,,
141,4/30/2024 11:30:00 AM,179102121,,,
142,4/30/2024 11:45:00 AM,179102121,,,
143,4/30/2024 12:00:00 PM,179102121,,,
144,4/30/2024 12:15:00 AM,179102424,18464.04,18464040.0,4616.01
145,4/30/2024 12:30:00 AM,179102424,17559.95,17559950.0,4389.9875
146,4/30/2024 12:45:00 AM,179102424,17692.54,17692540.0,4423.135
147,4/30/2024 1:00:00 AM,179102424,17555.6,17555600.0,4388.9
148,4/30/2024 1:15:00 AM,179102424,17917.8,17917800.0,4479.45
149,4/30/2024 1:30:00 AM,179102424,17610.21,17610210.0,4402.5525
150,4/30/2024 1:45:00 AM,179102424,18342.3,18342300.0,4585.575
151,4/30/2024 2:00:00 AM,179102424,18033.72,18033720.0,4508.43
152,4/30/2024 2:15:00 AM,179102424,18053.07,18053070.0,4513.2675
153,4/30/2024 2:30:00 AM,179102424,17931.3,17931300.0,4482.825
154,4/30/2024 2:45:00 AM,179102424,17606.94,17606940.0,4401.735
155,4/30/2024 3:00:00 AM,179102424,18095.34,18095340.0,4523.835
156,4/30/2024 3:15:00 AM,179102424,17553.96,17553960.0,4388.49
157,4/30/2024 3:30:00 AM,179102424,17627.38,17627380.0,4406.845
158,4/30/2024 3:45:00 AM,179102424,17418.67,17418670.0,4354.6675
159,4/30/2024 4:00:00 AM,179102424,17474.22,17474220.0,4368.555
160,4/30/2024 4:15:00 AM,179102424,17645.04,17645040.0,4411.26
161,4/30/2024 4:30:00 AM,179102424,17734.41,17734410.0,4433.6025
162,4/30/2024 4:45:00 AM,179102424,17592.76,17592760.0,4398.19
163,4/30/2024 5:00:00 AM,179102424,17839.09,17839090.0,4459.7725
164,4/30/2024 5:15:00 AM,179102424,17416.98,17416980.0,4354.245
165,4/30/2024 5:30:00 AM,179102424,17629.14,17629140.0,4407.285
166,4/30/2024 5:45:00 AM,179102424,18819.99,18819990.0,4704.9975
167,4/30/2024 6:00:00 AM,179102424,19374.23,19374230.0,4843.5575
168,4/30/2024 6:15:00 AM,179102424,57306.93,57306930.0,14326.7325
169,4/30/2024 6:30:00 AM,179102424,37771.3,37771300.0,9442.825
170,4/30/2024 6:45:00 AM,179102424,40488.83,40488830.0,10122.2075
171,4/30/2024 7:00:00 AM,179102424,40863.52,40863520.0,10215.88
172,4/30/2024 7:15:00 AM,179102424,40930.59,40930590.0,10232.6475
173,4/30/2024 7:30:00 AM,179102424,41991.05,41991050.0,10497.7625
174,4/30/2024 7:45:00 AM,179102424,41703.44,41703440.0,10425.86
175,4/30/2024 8:00:00 AM,179102424,43783.65,43783650.0,10945.9125
176,4/30/2024 8:15:00 AM,179102424,73261.34,73261340.0,18315.335
177,4/30/2024 8:30:00 AM,179102424,44894.57,44894570.0,11223.6425
178,4/30/2024 8:45:00 AM,179102424,46501.06,46501060.0,11625.265
179,4/30/2024 9:00:00 AM,179102424,49920.42,49920420.0,12480.105
180,4/30/2024 9:15:00 AM,179102424,49529.34,49529340.0,12382.335
181,4/30/2024 9:30:00 AM,179102424,52421.79,52421790.0,13105.4475
182,4/30/2024 9:45:00 AM,179102424,50248.88,50248880.0,12562.22
183,4/30/2024 10:00:00 AM,179102424,51419.6,51419600.0,12854.9
184,4/30/2024 10:15:00 AM,179102424,49596.87,49596870.0,12399.2175
185,4/30/2024 10:30:00 AM,179102424,48967.19,48967190.0,12241.7975
186,4/30/2024 10:45:00 AM,179102424,49815.17,49815170.0,12453.7925
187,4/30/2024 11:00:00 AM,179102424,49226.28,49226280.0,12306.57
188,4/30/2024 11:15:00 AM,179102424,49578.11,49578110.0,12394.5275
189,4/30/2024 11:30:00 AM,179102424,48842.98,48842980.0,12210.745
190,4/30/2024 11:45:00 AM,179102424,48854.29,48854290.0,12213.5725
191,4/30/2024 12:00:00 PM,179102424,52276.36,52276360.0,13069.09
192,4/30/2024 12:15:00 AM,179102626,78872.7,78872700.0,19718.175
193,4/30/2024 12:30:00 AM,179102626,80964.64,80964640.0,20241.16
194,4/30/2024 12:45:00 AM,179102626,77985.24,77985240.0,19496.31
195,4/30/2024 1:00:00 AM,179102626,78992.65,78992650.0,19748.1625
196,4/30/2024 1:15:00 AM,179102626,80264.53,80264530.0,20066.1325
197,4/30/2024 1:30:00 AM,179102626,78239.88,78239880.0,19559.97
198,4/30/2024 1:45:00 AM,179102626,77295.62,77295620.0,19323.905
199,4/30/2024 2:00:00 AM,179102626,68127.41,68127410.0,17031.8525
200,4/30/2024 2:15:00 AM,179102626,77257.35,77257350.0,19314.3375
201,4/30/2024 2:30:00 AM,179102626,75645.31,75645310.0,18911.3275
202,4/30/2024 2:45:00 AM,179102626,76617.04,76617040.0,19154.26
203,4/30/2024 3:00:00 AM,179102626,76750.3,76750300.0,19187.575
204,4/30/2024 3:15:00 AM,179102626,63202.3,63202300.0,15800.575
205,4/30/2024 3:30:00 AM,179102626,76933.77,76933770.0,19233.4425
206,4/30/2024 3:45:00 AM,179102626,75984.49,75984490.0,18996.1225
207,4/30/2024 4:00:00 AM,179102626,79335.63,79335630.0,19833.9075
208,4/30/2024 4:15:00 AM,179102626,76269.2,76269200.0,19067.3
209,4/30/2024 4:30:00 AM,179102626,78535.23,78535230.0,19633.8075
210,4/30/2024 4:45:00 AM,179102626,82910.59,82910590.0,20727.6475
211,4/30/2024 5:00:00 AM,179102626,76854.02,76854020.0,19213.505
212,4/30/2024 5:15:00 AM,179102626,74898.66,74898660.0,18724.665
213,4/30/2024 5:30:00 AM,179102626,114008.51,114008510.0,28502.1275
214,4/30/2024 5:45:00 AM,179102626,115104.03,115104030.0,28776.0075
215,4/30/2024 6:00:00 AM,179102626,115444.95,115444950.0,28861.2375
216,4/30/2024 6:15:00 AM,179102626,114349.95,114349950.0,28587.4875
217,4/30/2024 6:30:00 AM,179102626,114910.52,114910520.0,28727.63
218,4/30/2024 6:45:00 AM,179102626,114480.7,114480700.0,28620.175
219,4/30/2024 7:00:00 AM,179102626,115544.54,115544540.0,28886.135
220,4/30/2024 7:15:00 AM,179102626,110394.84,110394840.0,27598.71
221,4/30/2024 7:30:00 AM,179102626,77124.02,77124020.0,19281.005
222,4/30/2024 7:45:00 AM,179102626,81111.09,81111090.0,20277.7725
223,4/30/2024 8:00:00 AM,179102626,78803.66,78803660.0,19700.915
224,4/30/2024 8:15:00 AM,179102626,79584.45,79584450.0,19896.1125
225,4/30/2024 8:30:00 AM,179102626,76966.77,76966770.0,19241.6925
226,4/30/2024 8:45:00 AM,179102626,82067.08,82067080.0,20516.77
227,4/30/2024 9:00:00 AM,179102626,70800.05,70800050.0,17700.0125
228,4/30/2024 9:15:00 AM,179102626,87144.4,87144400.0,21786.1
229,4/30/2024 9:30:00 AM,179102626,96137.24,96137240.0,24034.31
230,4/30/2024 9:45:00 AM,179102626,94112.68,94112680.0,23528.17
231,4/30/2024 10:00:00 AM,179102626,94041.33,94041330.0,23510.3325
232,4/30/2024 10:15:00 AM,179102626,94430.0,94430000.0,23607.5
233,4/30/2024 10:30:00 AM,179102626,86406.08,86406080.0,21601.52
234,4/30/2024 10:45:00 AM,179102626,90223.47,90223470.0,22555.8675
235,4/30/2024 11:00:00 AM,179102626,89184.66,89184660.0,22296.165
236,4/30/2024 11:15:00 AM,179102626,89438.24,89438240.0,22359.56
237,4/30/2024 11:30:00 AM,179102626,91218.34,91218340.0,22804.585
238,4/30/2024 11:45:00 AM,179102626,90321.43,90321430.0,22580.3575
239,4/30/2024 12:00:00 PM,179102626,92569.8,92569800.0,23142.45
240,4/30/2024 12:15:00 AM,179102828,59908.1,59908100.0,14977.025
241,4/30/2024 12:30:00 AM,179102828,60249.12,60249120.0,15062.28
242,4/30/2024 12:45:00 AM,179102828,58487.13,58487130.0,14621.7825
243,4/30/2024 1:00:00 AM,179102828,57279.98,57279980.0,14319.995
244,4/30/2024 1:15:00 AM,179102828,61388.36,61388360.0,15347.09
245,4/30/2024 1:30:00 AM,179102828,58832.46,58832460.0,14708.115
246,4/30/2024 1:45:00 AM,179102828,58063.87,58063870.0,14515.9675
247,4/30/2024 2:00:00 AM,179102828,62467.32,62467320.0,15616.83
248,4/30/2024 2:15:00 AM,179102828,58818.2,58818200.0,14704.55
249,4/30/2024 2:30:00 AM,179102828,59183.75,59183750.0,14795.9375
250,4/30/2024 2:45:00 AM,179102828,59933.07,59933070.0,14983.2675
251,4/30/2024 3:00:00 AM,179102828,58460.08,58460080.0,14615.02
252,4/30/2024 3:15:00 AM,179102828,58859.57,58859570.0,14714.8925
253,4/30/2024 3:30:00 AM,179102828,58642.16,58642160.0,14660.54
254,4/30/2024 3:45:00 AM,179102828,58041.83,58041830.0,14510.4575
255,4/30/2024 4:00:00 AM,179102828,58495.46,58495460.0,14623.865
256,4/30/2024 4:15:00 AM,179102828,60366.11,60366110.0,15091.5275
257,4/30/2024 4:30:00 AM,179102828,60034.96,60034960.0,15008.74
258,4/30/2024 4:45:00 AM,179102828,57893.43,57893430.0,14473.3575
259,4/30/2024 5:00:00 AM,179102828,57560.97,57560970.0,14390.2425
260,4/30/2024 5:15:00 AM,179102828,59625.93,59625930.0,14906.4825
261,4/30/2024 5:30:00 AM,179102828,58692.81,58692810.0,14673.2025
262,4/30/2024 5:45:00 AM,179102828,41273.04,41273040.0,10318.26
263,4/30/2024 6:00:00 AM,179102828,61361.18,61361180.0,15340.295
264,4/30/2024 6:15:00 AM,179102828,62452.0,62452000.0,15613.0
265,4/30/2024 6:30:00 AM,179102828,62490.83,62490830.0,15622.7075
266,4/30/2024 6:45:00 AM,179102828,66411.88,66411880.00000001,16602.97
267,4/30/2024 7:00:00 AM,179102828,65660.88,65660880.00000001,16415.22
268,4/30/2024 7:15:00 AM,179102828,72576.5,72576500.0,18144.125
269,4/30/2024 7:30:00 AM,179102828,76526.73,76526730.0,19131.6825
270,4/30/2024 7:45:00 AM,179102828,75815.37,75815370.0,18953.8425
271,4/30/2024 8:00:00 AM,179102828,82799.6,82799600.0,20699.9
272,4/30/2024 8:15:00 AM,179102828,76641.72,76641720.0,19160.43
273,4/30/2024 8:30:00 AM,179102828,73455.57,73455570.0,18363.8925
274,4/30/2024 8:45:00 AM,179102828,75856.28,75856280.0,18964.07
275,4/30/2024 9:00:00 AM,179102828,94284.55,94284550.0,23571.1375
276,4/30/2024 9:15:00 AM,179102828,88092.48,88092480.0,22023.12
277,4/30/2024 9:30:00 AM,179102828,90525.33,90525330.0,22631.3325
278,4/30/2024 9:45:00 AM,179102828,90985.52,90985520.0,22746.38
279,4/30/2024 10:00:00 AM,179102828,94613.84,94613840.0,23653.46
280,4/30/2024 10:15:00 AM,179102828,90351.85,90351850.0,22587.9625
281,4/30/2024 10:30:00 AM,179102828,101164.58,101164580.0,25291.145
282,4/30/2024 10:45:00 AM,179102828,89372.9,89372900.0,22343.225
283,4/30/2024 11:00:00 AM,179102828,108373.47,108373470.0,27093.3675
284,4/30/2024 11:15:00 AM,179102828,108065.45,108065450.0,27016.3625
285,4/30/2024 11:30:00 AM,179102828,105000.09,105000090.0,26250.0225
286,4/30/2024 11:45:00 AM,179102828,104365.96,104365960.0,26091.49
287,4/30/2024 12:00:00 PM,179102828,113295.65,113295650.0,28323.9125
288,4/30/2024 12:15:00 AM,179103021,18941.86,18941860.0,4735.465
289,4/30/2024 12:30:00 AM,179103021,20892.86,20892860.0,5223.215
290,4/30/2024 12:45:00 AM,179103021,18886.6,18886600.0,4721.65
291,4/30/2024 1:00:00 AM,179103021,19572.6,19572600.0,4893.15
292,4/30/2024 1:15:00 AM,179103021,18964.7,18964700.0,4741.175
293,4/30/2024 1:30:00 AM,179103021,16894.81,16894810.0,4223.7025
294,4/30/2024 1:45:00 AM,179103021,19183.7,19183700.0,4795.925
295,4/30/2024 2:00:00 AM,179103021,19813.56,19813560.0,4953.39
296,4/30/2024 2:15:00 AM,179103021,16900.21,16900210.0,4225.0525
297,4/30/2024 2:30:00 AM,179103021,17623.84,17623840.0,4405.96
298,4/30/2024 2:45:00 AM,179103021,20816.15,20816150.0,5204.0375
299,4/30/2024 3:00:00 AM,179103021,18667.3,18667300.0,4666.825
300,4/30/2024 3:15:00 AM,179103021,17538.92,17538920.0,4384.73
301,4/30/2024 3:30:00 AM,179103021,19393.33,19393330.0,4848.3325
302,4/30/2024 3:45:00 AM,179103021,21435.34,21435340.0,5358.835
303,4/30/2024 4:00:00 AM,179103021,22241.6,22241600.0,5560.4
304,4/30/2024 4:15:00 AM,179103021,22708.93,22708930.0,5677.2325
305,4/30/2024 4:30:00 AM,179103021,21036.63,21036630.0,5259.1575
306,4/30/2024 4:45:00 AM,179103021,22543.18,22543180.0,5635.795
307,4/30/2024 5:00:00 AM,179103021,21603.42,21603420.0,5400.855
308,4/30/2024 5:15:00 AM,179103021,22296.09,22296090.0,5574.0225
309,4/30/2024 5:30:00 AM,179103021,20431.96,20431960.0,5107.99
310,4/30/2024 5:45:00 AM,179103021,23011.93,23011930.0,5752.9825
311,4/30/2024 6:00:00 AM,179103021,22267.11,22267110.0,5566.7775
312,4/30/2024 6:15:00 AM,179103021,19768.78,19768780.0,4942.195
313,4/30/2024 6:30:00 AM,179103021,21854.02,21854020.0,5463.505
314,4/30/2024 6:45:00 AM,179103021,20667.03,20667030.0,5166.7575
315,4/30/2024 7:00:00 AM,179103021,22486.53,22486530.0,5621.6325
316,4/30/2024 7:15:00 AM,179103021,26401.77,26401770.0,6600.4425
317,4/30/2024 7:30:00 AM,179103021,23802.5,23802500.0,5950.625
318,4/30/2024 7:45:00 AM,179103021,23704.88,23704880.0,5926.22
319,4/30/2024 8:00:00 AM,179103021,26897.98,26897980.0,6724.495
320,4/30/2024 8:15:00 AM,179103021,22763.53,22763530.0,5690.8825
321,4/30/2024 8:30:00 AM,179103021,26673.6,26673600.0,6668.4
322,4/30/2024 8:45:00 AM,179103021,21187.96,21187960.0,5296.99
323,4/30/2024 9:00:00 AM,179103021,24998.93,24998930.0,6249.7325
324,4/30/2024 9:15:00 AM,179103021,25301.38,25301380.0,6325.345
325,4/30/2024 9:30:00 AM,179103021,25871.25,25871250.0,6467.8125
326,4/30/2024 9:45:00 AM,179103021,29467.0,29467000.0,7366.75
327,4/30/2024 10:00:00 AM,179103021,27845.52,27845520.0,6961.38
328,4/30/2024 10:15:00 AM,179103021,30876.54,30876540.0,7719.135
329,4/30/2024 10:30:00 AM,179103021,31538.92,31538920.0,7884.73
330,4/30/2024 10:45:00 AM,179103021,31829.28,31829280.0,7957.32
331,4/30/2024 11:00:00 AM,179103021,31245.17,31245170.0,7811.2925
332,4/30/2024 11:15:00 AM,179103021,27303.49,27303490.0,6825.8725
333,4/30/2024 11:30:00 AM,179103021,32075.69,32075690.0,8018.9225
334,4/30/2024 11:45:00 AM,179103021,29358.04,29358040.0,7339.51
335,4/30/2024 12:00:00 PM,179103021,31972.98,31972980.0,7993.245
336,4/30/2024 12:15:00 AM,179103425,3781.16,3781160.0,945.29
337,4/30/2024 12:30:00 AM,179103425,692.27,692270.0,173.0675
338,4/30/2024 12:45:00 AM,179103425,683.85,683850.0,170.9625
339,4/30/2024 1:00:00 AM,179103425,676.18,676180.0,169.045
340,4/30/2024 1:15:00 AM,179103425,1291.3,1291300.0,322.825
341,4/30/2024 1:30:00 AM,179103425,745.03,745030.0,186.2575
342,4/30/2024 1:45:00 AM,179103425,738.28,738280.0,184.57
343,4/30/2024 2:00:00 AM,179103425,729.89,729890.0,182.4725
344,4/30/2024 2:15:00 AM,179103425,728.09,728090.0,182.0225
345,4/30/2024 2:30:00 AM,179103425,660.56,660560.0,165.14
346,4/30/2024 2:45:00 AM,179103425,659.69,659690.0,164.9225
347,4/30/2024 3:00:00 AM,179103425,658.96,658960.0,164.74
348,4/30/2024 3:15:00 AM,179103425,744.74,744740.0,186.185
349,4/30/2024 3:30:00 AM,179103425,730.85,730850.0,182.7125
350,4/30/2024 3:45:00 AM,179103425,726.69,726690.0,181.6725
351,4/30/2024 4:00:00 AM,179103425,722.88,722880.0,180.72
352,4/30/2024 4:15:00 AM,179103425,656.07,656070.0,164.0175
353,4/30/2024 4:30:00 AM,179103425,655.42,655420.0,163.855
354,4/30/2024 4:45:00 AM,179103425,654.34,654340.0,163.585
355,4/30/2024 5:00:00 AM,179103425,3845.98,3845980.0,961.495
356,4/30/2024 5:15:00 AM,179103425,730.77,730770.0,182.6925
357,4/30/2024 5:30:00 AM,179103425,730.12,730120.0,182.53
358,4/30/2024 5:45:00 AM,179103425,723.67,723670.0,180.9175
359,4/30/2024 6:00:00 AM,179103425,2715.71,2715710.0,678.9275
360,4/30/2024 6:15:00 AM,179103425,1527.37,1527370.0,381.8425
361,4/30/2024 6:30:00 AM,179103425,1101.02,1101020.0,275.255
362,4/30/2024 6:45:00 AM,179103425,2254.9,2254900.0,563.725
363,4/30/2024 7:00:00 AM,179103425,4585.18,4585180.0,1146.295
364,4/30/2024 7:15:00 AM,179103425,4568.39,4568390.0,1142.0975
365,4/30/2024 7:30:00 AM,179103425,4963.52,4963520.0,1240.88
366,4/30/2024 7:45:00 AM,179103425,1132.91,1132910.0,283.2275
367,4/30/2024 8:00:00 AM,179103425,1138.24,1138240.0,284.56
368,4/30/2024 8:15:00 AM,179103425,1072.09,1072090.0,268.0225
369,4/30/2024 8:30:00 AM,179103425,1512.85,1512850.0,378.2125
370,4/30/2024 8:45:00 AM,179103425,5405.35,5405350.0,1351.3375
371,4/30/2024 9:00:00 AM,179103425,5453.07,5453070.0,1363.2675
372,4/30/2024 9:15:00 AM,179103425,1525.13,1525130.0,381.2825
373,4/30/2024 9:30:00 AM,179103425,1491.81,1491810.0,372.9525
374,4/30/2024 9:45:00 AM,179103425,1535.59,1535590.0,383.8975
375,4/30/2024 10:00:00 AM,179103425,1894.7,1894700.0,473.675
376,4/30/2024 10:15:00 AM,179103425,1641.94,1641940.0,410.485
377,4/30/2024 10:30:00 AM,179103425,1603.48,1603480.0,400.87
378,4/30/2024 10:45:00 AM,179103425,1594.17,1594170.0,398.5425
379,4/30/2024 11:00:00 AM,179103425,1646.84,1646840.0,411.71
380,4/30/2024 11:15:00 AM,179103425,4854.69,4854690.0,1213.6725
381,4/30/2024 11:30:00 AM,179103425,758.65,758650.0,189.6625
382,4/30/2024 11:45:00 AM,179103425,755.59,755590.0,188.8975
383,4/30/2024 12:00:00 PM,179103425,687.91,687910.0,171.9775
384,4/30/2024 12:15:00 AM,179103728,29936.95,29936950.0,7484.2375
385,4/30/2024 12:30:00 AM,179103728,29321.55,29321550.0,7330.3875
386,4/30/2024 12:45:00 AM,179103728,29162.84,29162840.0,7290.71
387,4/30/2024 1:00:00 AM,179103728,29517.69,29517690.0,7379.4225
388,4/30/2024 1:15:00 AM,179103728,29315.09,29315090.0,7328.7725
389,4/30/2024 1:30:00 AM,179103728,29135.33,29135330.0,7283.8325
390,4/30/2024 1:45:00 AM,179103728,29043.19,29043190.0,7260.7975
391,4/30/2024 2:00:00 AM,179103728,29243.7,29243700.0,7310.925
392,4/30/2024 2:15:00 AM,179103728,28840.19,28840190.0,7210.0475
393,4/30/2024 2:30:00 AM,179103728,29680.2,29680200.0,7420.05
394,4/30/2024 2:45:00 AM,179103728,28652.65,28652650.0,7163.1625
395,4/30/2024 3:00:00 AM,179103728,29491.39,29491390.0,7372.8475
396,4/30/2024 3:15:00 AM,179103728,32741.59,32741590.0,8185.3975
397,4/30/2024 3:30:00 AM,179103728,29517.48,29517480.0,7379.37
398,4/30/2024 3:45:00 AM,179103728,29076.0,29076000.0,7269.0
399,4/30/2024 4:00:00 AM,179103728,29145.91,29145910.0,7286.4775
400,4/30/2024 4:15:00 AM,179103728,36197.33,36197330.0,9049.3325
401,4/30/2024 4:30:00 AM,179103728,28299.72,28299720.0,7074.93
402,4/30/2024 4:45:00 AM,179103728,28795.94,28795940.0,7198.985
403,4/30/2024 5:00:00 AM,179103728,38285.3,38285300.0,9571.325
404,4/30/2024 5:15:00 AM,179103728,28648.55,28648550.0,7162.1375
405,4/30/2024 5:30:00 AM,179103728,28100.91,28100910.0,7025.2275
406,4/30/2024 5:45:00 AM,179103728,28673.18,28673180.0,7168.295
407,4/30/2024 6:00:00 AM,179103728,28510.84,28510840.0,7127.71
408,4/30/2024 6:15:00 AM,179103728,81666.52,81666520.0,20416.63
409,4/30/2024 6:30:00 AM,179103728,44501.84,44501840.0,11125.46
410,4/30/2024 6:45:00 AM,179103728,67273.95,67273950.0,16818.4875
411,4/30/2024 7:00:00 AM,179103728,61017.15,61017150.0,15254.2875
412,4/30/2024 7:15:00 AM,179103728,58064.09,58064090.0,14516.0225
413,4/30/2024 7:30:00 AM,179103728,55256.92,55256920.0,13814.23
414,4/30/2024 7:45:00 AM,179103728,55945.66,55945660.0,13986.415
415,4/30/2024 8:00:00 AM,179103728,56608.57,56608570.0,14152.1425
416,4/30/2024 8:15:00 AM,179103728,54209.91,54209910.0,13552.4775
417,4/30/2024 8:30:00 AM,179103728,54455.62,54455620.0,13613.905
418,4/30/2024 8:45:00 AM,179103728,55972.63,55972630.0,13993.1575
419,4/30/2024 9:00:00 AM,179103728,61295.27,61295270.0,15323.8175
420,4/30/2024 9:15:00 AM,179103728,58795.0,58795000.0,14698.75
421,4/30/2024 9:30:00 AM,179103728,66186.89,66186890.0,16546.7225
422,4/30/2024 9:45:00 AM,179103728,67248.95,67248950.0,16812.2375
423,4/30/2024 10:00:00 AM,179103728,71427.66,71427660.0,17856.915
424,4/30/2024 10:15:00 AM,179103728,73079.68,73079680.0,18269.92
425,4/30/2024 10:30:00 AM,179103728,71477.41,71477410.0,17869.3525
426,4/30/2024 10:45:00 AM,179103728,75427.55,75427550.0,18856.8875
427,4/30/2024 11:00:00 AM,179103728,76689.09,76689090.0,19172.2725
428,4/30/2024 11:15:00 AM,179103728,77580.86,77580860.0,19395.215
429,4/30/2024 11:30:00 AM,179103728,78597.89,78597890.0,19649.4725
430,4/30/2024 11:45:00 AM,179103728,75900.57,75900570.0,18975.1425
431,4/30/2024 12:00:00 PM,179103728,74710.15,74710150.0,18677.5375
432,4/30/2024 12:15:00 AM,179103829,4120.21,4120210.0,1030.0525
433,4/30/2024 12:30:00 AM,179103829,4049.64,4049640.0,1012.41
434,4/30/2024 12:45:00 AM,179103829,6834.14,6834140.0,1708.535
435,4/30/2024 1:00:00 AM,179103829,9153.98,9153980.0,2288.495
436,4/30/2024 1:15:00 AM,179103829,8281.09,8281090.0,2070.2725
437,4/30/2024 1:30:00 AM,179103829,8234.7,8234700.000000001,2058.675
438,4/30/2024 1:45:00 AM,179103829,8327.33,8327330.0,2081.8325
439,4/30/2024 2:00:00 AM,179103829,8257.81,8257809.999999999,2064.4525
440,4/30/2024 2:15:00 AM,179103829,6507.0,6507000.0,1626.75
441,4/30/2024 2:30:00 AM,179103829,6557.66,6557660.0,1639.415
442,4/30/2024 2:45:00 AM,179103829,6610.41,6610410.0,1652.6025
443,4/30/2024 3:00:00 AM,179103829,4167.69,4167689.9999999995,1041.9225
444,4/30/2024 3:15:00 AM,179103829,4022.8,4022800.0,1005.7
445,4/30/2024 3:30:00 AM,179103829,4027.28,4027280.0,1006.82
446,4/30/2024 3:45:00 AM,179103829,3866.65,3866650.0,966.6625
447,4/30/2024 4:00:00 AM,179103829,3924.42,3924420.0,981.105
448,4/30/2024 4:15:00 AM,179103829,4784.68,4784680.0,1196.17
449,4/30/2024 4:30:00 AM,179103829,7361.37,7361370.0,1840.3425
450,4/30/2024 4:45:00 AM,179103829,7438.23,7438230.0,1859.5575
451,4/30/2024 5:00:00 AM,179103829,4815.2,4815200.0,1203.8
452,4/30/2024 5:15:00 AM,179103829,4734.51,4734510.0,1183.6275
453,4/30/2024 5:30:00 AM,179103829,4577.85,4577850.0,1144.4625
454,4/30/2024 5:45:00 AM,179103829,6571.75,6571750.0,1642.9375
455,4/30/2024 6:00:00 AM,179103829,5751.67,5751670.0,1437.9175
456,4/30/2024 6:15:00 AM,179103829,6445.16,6445160.0,1611.29
457,4/30/2024 6:30:00 AM,179103829,6605.58,6605580.0,1651.395
458,4/30/2024 6:45:00 AM,179103829,19675.09,19675090.0,4918.7725
459,4/30/2024 7:00:00 AM,179103829,19877.65,19877650.0,4969.4125
460,4/30/2024 7:15:00 AM,179103829,14834.86,14834860.0,3708.715
461,4/30/2024 7:30:00 AM,179103829,10937.72,10937720.0,2734.43
462,4/30/2024 7:45:00 AM,179103829,10812.6,10812600.0,2703.15
463,4/30/2024 8:00:00 AM,179103829,14531.48,14531480.0,3632.87
464,4/30/2024 8:15:00 AM,179103829,7281.17,7281170.0,1820.2925
465,4/30/2024 8:30:00 AM,179103829,4746.75,4746750.0,1186.6875
466,4/30/2024 8:45:00 AM,179103829,4622.64,4622640.0,1155.66
467,4/30/2024 9:00:00 AM,179103829,4909.05,4909050.0,1227.2625
468,4/30/2024 9:15:00 AM,179103829,4936.91,4936910.0,1234.2275
469,4/30/2024 9:30:00 AM,179103829,14940.22,14940220.0,3735.055
470,4/30/2024 9:45:00 AM,179103829,10158.44,10158440.0,2539.61
471,4/30/2024 10:00:00 AM,179103829,7496.38,7496380.0,1874.095
472,4/30/2024 10:15:00 AM,179103829,7673.98,7673980.0,1918.495
473,4/30/2024 10:30:00 AM,179103829,10178.14,10178140.0,2544.535
474,4/30/2024 10:45:00 AM,179103829,10302.2,10302200.0,2575.55
475,4/30/2024 11:00:00 AM,179103829,10908.37,10908370.0,2727.0925
476,4/30/2024 11:15:00 AM,179103829,16325.64,16325640.0,4081.41
477,4/30/2024 11:30:00 AM,179103829,23096.13,23096130.0,5774.0325
478,4/30/2024 11:45:00 AM,179103829,19991.43,19991430.0,4997.8575
479,4/30/2024 12:00:00 PM,179103829,12425.59,12425590.0,3106.3975
480,4/30/2024 12:15:00 AM,179104325,70989.11,70989110.0,17747.2775
481,4/30/2024 12:30:00 AM,179104325,69247.91,69247910.0,17311.9775
482,4/30/2024 12:45:00 AM,179104325,67611.84,67611840.0,16902.96
483,4/30/2024 1:00:00 AM,179104325,70309.96,70309960.0,17577.49
484,4/30/2024 1:15:00 AM,179104325,68208.52,68208520.0,17052.13
485,4/30/2024 1:30:00 AM,179104325,70303.66,70303660.0,17575.915
486,4/30/2024 1:45:00 AM,179104325,68567.34,68567340.0,17141.835
487,4/30/2024 2:00:00 AM,179104325,69406.89,69406890.0,17351.7225
488,4/30/2024 2:15:00 AM,179104325,68170.23,68170230.0,17042.5575
489,4/30/2024 2:30:00 AM,179104325,68468.33,68468330.0,17117.0825
490,4/30/2024 2:45:00 AM,179104325,69137.53,69137530.0,17284.3825
491,4/30/2024 3:00:00 AM,179104325,69328.45,69328450.0,17332.1125
492,4/30/2024 3:15:00 AM,179104325,67618.33,67618330.0,16904.5825
493,4/30/2024 3:30:00 AM,179104325,69573.4,69573400.0,17393.35
494,4/30/2024 3:45:00 AM,179104325,68282.26,68282260.0,17070.565
495,4/30/2024 4:00:00 AM,179104325,67065.96,67065960.00000001,16766.49
496,4/30/2024 4:15:00 AM,179104325,67564.34,67564340.0,16891.085
497,4/30/2024 4:30:00 AM,179104325,68438.73,68438730.0,17109.6825
498,4/30/2024 4:45:00 AM,179104325,67782.75,67782750.0,16945.6875
499,4/30/2024 5:00:00 AM,179104325,67755.32,67755320.0,16938.83
500,4/30/2024 5:15:00 AM,179104325,67286.33,67286330.0,16821.5825
501,4/30/2024 5:30:00 AM,179104325,67904.83,67904830.0,16976.2075
502,4/30/2024 5:45:00 AM,179104325,67110.12,67110120.0,16777.53
503,4/30/2024 6:00:00 AM,179104325,67609.54,67609540.0,16902.385
504,4/30/2024 6:15:00 AM,179104325,109961.18,109961180.0,27490.295
505,4/30/2024 6:30:00 AM,179104325,162717.36,162717360.0,40679.34
506,4/30/2024 6:45:00 AM,179104325,151024.63,151024630.0,37756.1575
507,4/30/2024 7:00:00 AM,179104325,158776.17,158776170.0,39694.0425
508,4/30/2024 7:15:00 AM,179104325,168209.78,168209780.0,42052.445
509,4/30/2024 7:30:00 AM,179104325,161039.2,161039200.0,40259.8
510,4/30/2024 7:45:00 AM,179104325,167068.23,167068230.0,41767.0575
511,4/30/2024 8:00:00 AM,179104325,165892.78,165892780.0,41473.195
512,4/30/2024 8:15:00 AM,179104325,175925.67,175925670.0,43981.4175
513,4/30/2024 8:30:00 AM,179104325,181880.95,181880950.0,45470.2375
514,4/30/2024 8:45:00 AM,179104325,187121.88,187121880.0,46780.47
515,4/30/2024 9:00:00 AM,179104325,196987.89,196987890.0,49246.9725
516,4/30/2024 9:15:00 AM,179104325,199782.86,199782860.0,49945.715
517,4/30/2024 9:30:00 AM,179104325,193904.7,193904700.0,48476.175
518,4/30/2024 9:45:00 AM,179104325,208039.48,208039480.0,52009.87
519,4/30/2024 10:00:00 AM,179104325,226582.27,226582270.0,56645.5675
520,4/30/2024 10:15:00 AM,179104325,222977.14,222977140.0,55744.285
521,4/30/2024 10:30:00 AM,179104325,224436.17,224436170.0,56109.0425
522,4/30/2024 10:45:00 AM,179104325,220148.13,220148130.0,55037.0325
523,4/30/2024 11:00:00 AM,179104325,239507.03,239507030.0,59876.7575
524,4/30/2024 11:15:00 AM,179104325,231910.47,231910470.0,57977.6175
525,4/30/2024 11:30:00 AM,179104325,226377.44,226377440.0,56594.36
526,4/30/2024 11:45:00 AM,179104325,238836.69,238836690.0,59709.1725
527,4/30/2024 12:00:00 PM,179104325,237878.13,237878130.0,59469.5325
528,4/30/2024 12:15:00 AM,179105326,56007.65,56007650.0,14001.9125
529,4/30/2024 12:30:00 AM,179105326,51443.96,51443960.0,12860.99
530,4/30/2024 12:45:00 AM,179105326,50832.13,50832130.0,12708.0325
531,4/30/2024 1:00:00 AM,179105326,43224.3,43224300.0,10806.075
532,4/30/2024 1:15:00 AM,179105326,44314.39,44314390.0,11078.5975
533,4/30/2024 1:30:00 AM,179105326,47972.43,47972430.0,11993.1075
534,4/30/2024 1:45:00 AM,179105326,46218.79,46218790.0,11554.6975
535,4/30/2024 2:00:00 AM,179105326,40414.05,40414050.0,10103.5125
536,4/30/2024 2:15:00 AM,179105326,40550.87,40550870.0,10137.7175
537,4/30/2024 2:30:00 AM,179105326,39290.32,39290320.0,9822.58
538,4/30/2024 2:45:00 AM,179105326,46445.12,46445120.0,11611.28
539,4/30/2024 3:00:00 AM,179105326,47293.54,47293540.0,11823.385
540,4/30/2024 3:15:00 AM,179105326,48700.23,48700230.0,12175.0575
541,4/30/2024 3:30:00 AM,179105326,45370.3,45370300.0,11342.575
542,4/30/2024 3:45:00 AM,179105326,43244.84,43244840.0,10811.21
543,4/30/2024 4:00:00 AM,179105326,45005.5,45005500.0,11251.375
544,4/30/2024 4:15:00 AM,179105326,48071.21,48071210.0,12017.8025
545,4/30/2024 4:30:00 AM,179105326,52582.29,52582290.0,13145.5725
546,4/30/2024 4:45:00 AM,179105326,52131.29,52131290.0,13032.8225
547,4/30/2024 5:00:00 AM,179105326,40899.06,40899060.0,10224.765
548,4/30/2024 5:15:00 AM,179105326,38830.26,38830260.0,9707.565
549,4/30/2024 5:30:00 AM,179105326,36804.29,36804290.0,9201.0725
550,4/30/2024 5:45:00 AM,179105326,51644.48,51644480.0,12911.12
551,4/30/2024 6:00:00 AM,179105326,52587.84,52587840.0,13146.96
552,4/30/2024 6:15:00 AM,179105326,51467.5,51467500.0,12866.875
553,4/30/2024 6:30:00 AM,179105326,47718.13,47718130.0,11929.5325
554,4/30/2024 6:45:00 AM,179105326,57482.07,57482070.0,14370.5175
555,4/30/2024 7:00:00 AM,179105326,61380.44,61380440.0,15345.11
556,4/30/2024 7:15:00 AM,179105326,59404.75,59404750.0,14851.1875
557,4/30/2024 7:30:00 AM,179105326,58345.86,58345860.0,14586.465
558,4/30/2024 7:45:00 AM,179105326,45998.12,45998120.0,11499.53
559,4/30/2024 8:00:00 AM,179105326,45218.97,45218970.0,11304.7425
560,4/30/2024 8:15:00 AM,179105326,46633.61,46633610.0,11658.4025
561,4/30/2024 8:30:00 AM,179105326,52768.0,52768000.0,13192.0
562,4/30/2024 8:45:00 AM,179105326,51922.32,51922320.0,12980.58
563,4/30/2024 9:00:00 AM,179105326,52849.79,52849790.0,13212.4475
564,4/30/2024 9:15:00 AM,179105326,58723.23,58723230.0,14680.8075
565,4/30/2024 9:30:00 AM,179105326,58708.23,58708230.0,14677.0575
566,4/30/2024 9:45:00 AM,179105326,48986.48,48986480.0,12246.62
567,4/30/2024 10:00:00 AM,179105326,55329.96,55329960.0,13832.49
568,4/30/2024 10:15:00 AM,179105326,54747.48,54747480.0,13686.87
569,4/30/2024 10:30:00 AM,179105326,55402.62,55402620.0,13850.655
570,4/30/2024 10:45:00 AM,179105326,72914.74,72914740.0,18228.685
571,4/30/2024 11:00:00 AM,179105326,64918.31,64918310.0,16229.5775
572,4/30/2024 11:15:00 AM,179105326,64996.27,64996270.0,16249.0675
573,4/30/2024 11:30:00 AM,179105326,68573.3,68573300.0,17143.325
574,4/30/2024 11:45:00 AM,179105326,69061.29,69061290.0,17265.3225
575,4/30/2024 12:00:00 PM,179105326,70313.87,70313870.0,17578.4675
576,4/30/2024 12:15:00 AM,179105427,23076.09,23076090.0,5769.0225
577,4/30/2024 12:30:00 AM,179105427,23223.01,23223010.0,5805.7525
578,4/30/2024 12:45:00 AM,179105427,24958.74,24958740.0,6239.685
579,4/30/2024 1:00:00 AM,179105427,34935.07,34935070.0,8733.7675
580,4/30/2024 1:15:00 AM,179105427,22650.55,22650550.0,5662.6375
581,4/30/2024 1:30:00 AM,179105427,31902.12,31902120.0,7975.53
582,4/30/2024 1:45:00 AM,179105427,22561.91,22561910.0,5640.4775
583,4/30/2024 2:00:00 AM,179105427,22693.33,22693330.0,5673.3325
584,4/30/2024 2:15:00 AM,179105427,24701.53,24701530.0,6175.3825
585,4/30/2024 2:30:00 AM,179105427,23945.84,23945840.0,5986.46
586,4/30/2024 2:45:00 AM,179105427,22586.58,22586580.0,5646.645
587,4/30/2024 3:00:00 AM,179105427,22939.7,22939700.0,5734.925
588,4/30/2024 3:15:00 AM,179105427,22779.09,22779090.0,5694.7725
589,4/30/2024 3:30:00 AM,179105427,24624.73,24624730.0,6156.1825
590,4/30/2024 3:45:00 AM,179105427,22457.67,22457670.0,5614.4175
591,4/30/2024 4:00:00 AM,179105427,24258.09,24258090.0,6064.5225
592,4/30/2024 4:15:00 AM,179105427,22555.64,22555640.0,5638.91
593,4/30/2024 4:30:00 AM,179105427,24526.07,24526070.0,6131.5175
594,4/30/2024 4:45:00 AM,179105427,26458.31,26458310.0,6614.5775
595,4/30/2024 5:00:00 AM,179105427,29266.8,29266800.0,7316.7
596,4/30/2024 5:15:00 AM,179105427,27592.02,27592020.0,6898.005
597,4/30/2024 5:30:00 AM,179105427,24441.52,24441520.0,6110.38
598,4/30/2024 5:45:00 AM,179105427,26824.01,26824010.0,6706.0025
599,4/30/2024 6:00:00 AM,179105427,26770.92,26770920.0,6692.73
600,4/30/2024 6:15:00 AM,179105427,26263.33,26263330.0,6565.8325
601,4/30/2024 6:30:00 AM,179105427,23514.1,23514100.0,5878.525
602,4/30/2024 6:45:00 AM,179105427,26762.56,26762560.0,6690.64
603,4/30/2024 7:00:00 AM,179105427,30881.64,30881640.0,7720.41
604,4/30/2024 7:15:00 AM,179105427,28519.22,28519220.0,7129.805
605,4/30/2024 7:30:00 AM,179105427,31646.13,31646130.0,7911.5325
606,4/30/2024 7:45:00 AM,179105427,29979.67,29979670.0,7494.9175
607,4/30/2024 8:00:00 AM,179105427,29724.34,29724340.0,7431.085
608,4/30/2024 8:15:00 AM,179105427,34465.44,34465440.0,8616.36
609,4/30/2024 8:30:00 AM,179105427,41854.41,41854410.0,10463.6025
610,4/30/2024 8:45:00 AM,179105427,33353.16,33353160.000000004,8338.29
611,4/30/2024 9:00:00 AM,179105427,33172.69,33172690.000000004,8293.1725
612,4/30/2024 9:15:00 AM,179105427,32599.79,32599790.0,8149.9475
613,4/30/2024 9:30:00 AM,179105427,41743.99,41743990.0,10435.9975
614,4/30/2024 9:45:00 AM,179105427,33376.0,33376000.0,8344.0
615,4/30/2024 10:00:00 AM,179105427,34317.3,34317300.0,8579.325
616,4/30/2024 10:15:00 AM,179105427,33002.52,33002519.999999996,8250.63
617,4/30/2024 10:30:00 AM,179105427,44549.7,44549700.0,11137.425
618,4/30/2024 10:45:00 AM,179105427,30302.76,30302760.0,7575.69
619,4/30/2024 11:00:00 AM,179105427,42924.91,42924910.0,10731.2275
620,4/30/2024 11:15:00 AM,179105427,46657.44,46657440.0,11664.36
621,4/30/2024 11:30:00 AM,179105427,44515.95,44515950.0,11128.9875
622,4/30/2024 11:45:00 AM,179105427,32361.59,32361590.0,8090.3975
623,4/30/2024 12:00:00 PM,179105427,42699.36,42699360.0,10674.84
624,4/30/2024 12:15:00 AM,179105427,23076.09,23076090.0,5769.0225
625,4/30/2024 12:30:00 AM,179105427,23223.01,23223010.0,5805.7525
626,4/30/2024 12:45:00 AM,179105427,24958.74,24958740.0,6239.685
627,4/30/2024 1:00:00 AM,179105427,34935.07,34935070.0,8733.7675
628,4/30/2024 1:15:00 AM,179105427,22650.55,22650550.0,5662.6375
629,4/30/2024 1:30:00 AM,179105427,31902.12,31902120.0,7975.53
630,4/30/2024 1:45:00 AM,179105427,22561.91,22561910.0,5640.4775
631,4/30/2024 2:00:00 AM,179105427,22693.33,22693330.0,5673.3325
632,4/30/2024 2:15:00 AM,179105427,24701.53,24701530.0,6175.3825
633,4/30/2024 2:30:00 AM,179105427,23945.84,23945840.0,5986.46
634,4/30/2024 2:45:00 AM,179105427,22586.58,22586580.0,5646.645
635,4/30/2024 3:00:00 AM,179105427,22939.7,22939700.0,5734.925
636,4/30/2024 3:15:00 AM,179105427,22779.09,22779090.0,5694.7725
637,4/30/2024 3:30:00 AM,179105427,24624.73,24624730.0,6156.1825
638,4/30/2024 3:45:00 AM,179105427,22457.67,22457670.0,5614.4175
639,4/30/2024 4:00:00 AM,179105427,24258.09,24258090.0,6064.5225
640,4/30/2024 4:15:00 AM,179105427,22555.64,22555640.0,5638.91
641,4/30/2024 4:30:00 AM,179105427,24526.07,24526070.0,6131.5175
642,4/30/2024 4:45:00 AM,179105427,26458.31,26458310.0,6614.5775
643,4/30/2024 5:00:00 AM,179105427,29266.8,29266800.0,7316.7
644,4/30/2024 5:15:00 AM,179105427,27592.02,27592020.0,6898.005
645,4/30/2024 5:30:00 AM,179105427,24441.52,24441520.0,6110.38
646,4/30/2024 5:45:00 AM,179105427,26824.01,26824010.0,6706.0025
647,4/30/2024 6:00:00 AM,179105427,26770.92,26770920.0,6692.73
648,4/30/2024 6:15:00 AM,179105427,26263.33,26263330.0,6565.8325
649,4/30/2024 6:30:00 AM,179105427,23514.1,23514100.0,5878.525
650,4/30/2024 6:45:00 AM,179105427,26762.56,26762560.0,6690.64
651,4/30/2024 7:00:00 AM,179105427,30881.64,30881640.0,7720.41
652,4/30/2024 7:15:00 AM,179105427,28519.22,28519220.0,7129.805
653,4/30/2024 7:30:00 AM,179105427,31646.13,31646130.0,7911.5325
654,4/30/2024 7:45:00 AM,179105427,29979.67,29979670.0,7494.9175
655,4/30/2024 8:00:00 AM,179105427,29724.34,29724340.0,7431.085
656,4/30/2024 8:15:00 AM,179105427,34465.44,34465440.0,8616.36
657,4/30/2024 8:30:00 AM,179105427,41854.41,41854410.0,10463.6025
658,4/30/2024 8:45:00 AM,179105427,33353.16,33353160.000000004,8338.29
659,4/30/2024 9:00:00 AM,179105427,33172.69,33172690.000000004,8293.1725
660,4/30/2024 9:15:00 AM,179105427,32599.79,32599790.0,8149.9475
661,4/30/2024 9:30:00 AM,179105427,41743.99,41743990.0,10435.9975
662,4/30/2024 9:45:00 AM,179105427,33376.0,33376000.0,8344.0
663,4/30/2024 10:00:00 AM,179105427,34317.3,34317300.0,8579.325
664,4/30/2024 10:15:00 AM,179105427,33002.52,33002519.999999996,8250.63
665,4/30/2024 10:30:00 AM,179105427,44549.7,44549700.0,11137.425
666,4/30/2024 10:45:00 AM,179105427,30302.76,30302760.0,7575.69
667,4/30/2024 11:00:00 AM,179105427,42924.91,42924910.0,10731.2275
668,4/30/2024 11:15:00 AM,179105427,46657.44,46657440.0,11664.36
669,4/30/2024 11:30:00 AM,179105427,44515.95,44515950.0,11128.9875
670,4/30/2024 11:45:00 AM,179105427,32361.59,32361590.0,8090.3975
671,4/30/2024 12:00:00 PM,179105427,42699.36,42699360.0,10674.84
672,4/30/2024 12:15:00 AM,179105427,23076.09,23076090.0,5769.0225
673,4/30/2024 12:30:00 AM,179105427,23223.01,23223010.0,5805.7525
674,4/30/2024 12:45:00 AM,179105427,24958.74,24958740.0,6239.685
675,4/30/2024 1:00:00 AM,179105427,34935.07,34935070.0,8733.7675
676,4/30/2024 1:15:00 AM,179105427,22650.55,22650550.0,5662.6375
677,4/30/2024 1:30:00 AM,179105427,31902.12,31902120.0,7975.53
678,4/30/2024 1:45:00 AM,179105427,22561.91,22561910.0,5640.4775
679,4/30/2024 2:00:00 AM,179105427,22693.33,22693330.0,5673.3325
680,4/30/2024 2:15:00 AM,179105427,24701.53,24701530.0,6175.3825
681,4/30/2024 2:30:00 AM,179105427,23945.84,23945840.0,5986.46
682,4/30/2024 2:45:00 AM,179105427,22586.58,22586580.0,5646.645
683,4/30/2024 3:00:00 AM,179105427,22939.7,22939700.0,5734.925
684,4/30/2024 3:15:00 AM,179105427,22779.09,22779090.0,5694.7725
685,4/30/2024 3:30:00 AM,179105427,24624.73,24624730.0,6156.1825
686,4/30/2024 3:45:00 AM,179105427,22457.67,22457670.0,5614.4175
687,4/30/2024 4:00:00 AM,179105427,24258.09,24258090.0,6064.5225
688,4/30/2024 4:15:00 AM,179105427,22555.64,22555640.0,5638.91
689,4/30/2024 4:30:00 AM,179105427,24526.07,24526070.0,6131.5175
690,4/30/2024 4:45:00 AM,179105427,26458.31,26458310.0,6614.5775
691,4/30/2024 5:00:00 AM,179105427,29266.8,29266800.0,7316.7
692,4/30/2024 5:15:00 AM,179105427,27592.02,27592020.0,6898.005
693,4/30/2024 5:30:00 AM,179105427,24441.52,24441520.0,6110.38
694,4/30/2024 5:45:00 AM,179105427,26824.01,26824010.0,6706.0025
695,4/30/2024 6:00:00 AM,179105427,26770.92,26770920.0,6692.73
696,4/30/2024 6:15:00 AM,179105427,26263.33,26263330.0,6565.8325
697,4/30/2024 6:30:00 AM,179105427,23514.1,23514100.0,5878.525
698,4/30/2024 6:45:00 AM,179105427,26762.56,26762560.0,6690.64
699,4/30/2024 7:00:00 AM,179105427,30881.64,30881640.0,7720.41
700,4/30/2024 7:15:00 AM,179105427,28519.22,28519220.0,7129.805
701,4/30/2024 7:30:00 AM,179105427,31646.13,31646130.0,7911.5325
702,4/30/2024 7:45:00 AM,179105427,29979.67,29979670.0,7494.9175
703,4/30/2024 8:00:00 AM,179105427,29724.34,29724340.0,7431.085
704,4/30/2024 8:15:00 AM,179105427,34465.44,34465440.0,8616.36
705,4/30/2024 8:30:00 AM,179105427,41854.41,41854410.0,10463.6025
706,4/30/2024 8:45:00 AM,179105427,33353.16,33353160.000000004,8338.29
707,4/30/2024 9:00:00 AM,179105427,33172.69,33172690.000000004,8293.1725
708,4/30/2024 9:15:00 AM,179105427,32599.79,32599790.0,8149.9475
709,4/30/2024 9:30:00 AM,179105427,41743.99,41743990.0,10435.9975
710,4/30/2024 9:45:00 AM,179105427,33376.0,33376000.0,8344.0
711,4/30/2024 10:00:00 AM,179105427,34317.3,34317300.0,8579.325
712,4/30/2024 10:15:00 AM,179105427,33002.52,33002519.999999996,8250.63
713,4/30/2024 10:30:00 AM,179105427,44549.7,44549700.0,11137.425
714,4/30/2024 10:45:00 AM,179105427,30302.76,30302760.0,7575.69
715,4/30/2024 11:00:00 AM,179105427,42924.91,42924910.0,10731.2275
716,4/30/2024 11:15:00 AM,179105427,46657.44,46657440.0,11664.36
717,4/30/2024 11:30:00 AM,179105427,44515.95,44515950.0,11128.9875
718,4/30/2024 11:45:00 AM,179105427,32361.59,32361590.0,8090.3975
719,4/30/2024 12:00:00 PM,179105427,42699.36,42699360.0,10674.84
720,4/30/2024 12:15:00 AM,179105427,23076.09,23076090.0,5769.0225
721,4/30/2024 12:30:00 AM,179105427,23223.01,23223010.0,5805.7525
722,4/30/2024 12:45:00 AM,179105427,24958.74,24958740.0,6239.685
723,4/30/2024 1:00:00 AM,179105427,34935.07,34935070.0,8733.7675
724,4/30/2024 1:15:00 AM,179105427,22650.55,22650550.0,5662.6375
725,4/30/2024 1:30:00 AM,179105427,31902.12,31902120.0,7975.53
726,4/30/2024 1:45:00 AM,179105427,22561.91,22561910.0,5640.4775
727,4/30/2024 2:00:00 AM,179105427,22693.33,22693330.0,5673.3325
728,4/30/2024 2:15:00 AM,179105427,24701.53,24701530.0,6175.3825
729,4/30/2024 2:30:00 AM,179105427,23945.84,23945840.0,5986.46
730,4/30/2024 2:45:00 AM,179105427,22586.58,22586580.0,5646.645
731,4/30/2024 3:00:00 AM,179105427,22939.7,22939700.0,5734.925
732,4/30/2024 3:15:00 AM,179105427,22779.09,22779090.0,5694.7725
733,4/30/2024 3:30:00 AM,179105427,24624.73,24624730.0,6156.1825
734,4/30/2024 3:45:00 AM,179105427,22457.67,22457670.0,5614.4175
735,4/30/2024 4:00:00 AM,179105427,24258.09,24258090.0,6064.5225
736,4/30/2024 4:15:00 AM,179105427,22555.64,22555640.0,5638.91
737,4/30/2024 4:30:00 AM,179105427,24526.07,24526070.0,6131.5175
738,4/30/2024 4:45:00 AM,179105427,26458.31,26458310.0,6614.5775
739,4/30/2024 5:00:00 AM,179105427,29266.8,29266800.0,7316.7
740,4/30/2024 5:15:00 AM,179105427,27592.02,27592020.0,6898.005
741,4/30/2024 5:30:00 AM,179105427,24441.52,24441520.0,6110.38
742,4/30/2024 5:45:00 AM,179105427,26824.01,26824010.0,6706.0025
743,4/30/2024 6:00:00 AM,179105427,26770.92,26770920.0,6692.73
744,4/30/2024 6:15:00 AM,179105427,26263.33,26263330.0,6565.8325
745,4/30/2024 6:30:00 AM,179105427,23514.1,23514100.0,5878.525
746,4/30/2024 6:45:00 AM,179105427,26762.56,26762560.0,6690.64
747,4/30/2024 7:00:00 AM,179105427,30881.64,30881640.0,7720.41
748,4/30/2024 7:15:00 AM,179105427,28519.22,28519220.0,7129.805
749,4/30/2024 7:30:00 AM,179105427,31646.13,31646130.0,7911.5325
750,4/30/2024 7:45:00 AM,179105427,29979.67,29979670.0,7494.9175
751,4/30/2024 8:00:00 AM,179105427,29724.34,29724340.0,7431.085
752,4/30/2024 8:15:00 AM,179105427,34465.44,34465440.0,8616.36
753,4/30/2024 8:30:00 AM,179105427,41854.41,41854410.0,10463.6025
754,4/30/2024 8:45:00 AM,179105427,33353.16,33353160.000000004,8338.29
755,4/30/2024 9:00:00 AM,179105427,33172.69,33172690.000000004,8293.1725
756,4/30/2024 9:15:00 AM,179105427,32599.79,32599790.0,8149.9475
757,4/30/2024 9:30:00 AM,179105427,41743.99,41743990.0,10435.9975
758,4/30/2024 9:45:00 AM,179105427,33376.0,33376000.0,8344.0
759,4/30/2024 10:00:00 AM,179105427,34317.3,34317300.0,8579.325
760,4/30/2024 10:15:00 AM,179105427,33002.52,33002519.999999996,8250.63
761,4/30/2024 10:30:00 AM,179105427,44549.7,44549700.0,11137.425
762,4/30/2024 10:45:00 AM,179105427,30302.76,30302760.0,7575.69
763,4/30/2024 11:00:00 AM,179105427,42924.91,42924910.0,10731.2275
764,4/30/2024 11:15:00 AM,179105427,46657.44,46657440.0,11664.36
765,4/30/2024 11:30:00 AM,179105427,44515.95,44515950.0,11128.9875
766,4/30/2024 11:45:00 AM,179105427,32361.59,32361590.0,8090.3975
767,4/30/2024 12:00:00 PM,179105427,42699.36,42699360.0,10674.84
768,4/30/2024 12:15:00 AM,179105629,276574.44,276574440.0,69143.61
769,4/30/2024 12:30:00 AM,179105629,272809.38,272809380.0,68202.345
770,4/30/2024 12:45:00 AM,179105629,270711.78,270711780.0,67677.945
771,4/30/2024 1:00:00 AM,179105629,308660.91,308660910.0,77165.2275
772,4/30/2024 1:15:00 AM,179105629,319447.22,319447220.0,79861.805
773,4/30/2024 1:30:00 AM,179105629,312122.66,312122660.0,78030.665
774,4/30/2024 1:45:00 AM,179105629,298281.44,298281440.0,74570.36
775,4/30/2024 2:00:00 AM,179105629,299201.16,299201160.0,74800.29
776,4/30/2024 2:15:00 AM,179105629,229425.05,229425050.0,57356.2625
777,4/30/2024 2:30:00 AM,179105629,236862.36,236862360.0,59215.59
778,4/30/2024 2:45:00 AM,179105629,294485.22,294485220.0,73621.305
779,4/30/2024 3:00:00 AM,179105629,274417.66,274417660.0,68604.415
780,4/30/2024 3:15:00 AM,179105629,301747.06,301747060.0,75436.765
781,4/30/2024 3:30:00 AM,179105629,231506.97,231506970.0,57876.7425
782,4/30/2024 3:45:00 AM,179105629,268531.22,268531220.0,67132.805
783,4/30/2024 4:00:00 AM,179105629,303875.97,303875970.0,75968.9925
784,4/30/2024 4:15:00 AM,179105629,318787.81,318787810.0,79696.9525
785,4/30/2024 4:30:00 AM,179105629,287149.09,287149090.0,71787.2725
786,4/30/2024 4:45:00 AM,179105629,273756.97,273756970.0,68439.2425
787,4/30/2024 5:00:00 AM,179105629,234074.33,234074330.0,58518.5825
788,4/30/2024 5:15:00 AM,179105629,263526.19,263526190.0,65881.5475
789,4/30/2024 5:30:00 AM,179105629,304282.03,304282030.0,76070.5075
790,4/30/2024 5:45:00 AM,179105629,340853.72,340853720.0,85213.43
791,4/30/2024 6:00:00 AM,179105629,256566.27,256566270.0,64141.5675
792,4/30/2024 6:15:00 AM,179105629,0.0,0.0,0.0
793,4/30/2024 6:30:00 AM,179105629,226052.25,226052250.0,56513.0625
794,4/30/2024 6:45:00 AM,179105629,306326.84,306326840.0,76581.71
795,4/30/2024 7:00:00 AM,179105629,297488.59,297488590.0,74372.1475
796,4/30/2024 7:15:00 AM,179105629,297956.72,297956720.0,74489.18
797,4/30/2024 7:30:00 AM,179105629,334563.09,334563090.0,83640.7725
798,4/30/2024 7:45:00 AM,179105629,283199.69,283199690.0,70799.9225
799,4/30/2024 8:00:00 AM,179105629,347314.44,347314440.0,86828.61
800,4/30/2024 8:15:00 AM,179105629,353616.81,353616810.0,88404.2025
801,4/30/2024 8:30:00 AM,179105629,302323.59,302323590.0,75580.8975
802,4/30/2024 8:45:00 AM,179105629,375926.47,375926470.0,93981.6175
803,4/30/2024 9:00:00 AM,179105629,346153.28,346153280.0,86538.32
804,4/30/2024 9:15:00 AM,179105629,395811.13,395811130.0,98952.7825
805,4/30/2024 9:30:00 AM,179105629,442865.75,442865750.0,110716.4375
806,4/30/2024 9:45:00 AM,179105629,408482.56,408482560.0,102120.64
807,4/30/2024 10:00:00 AM,179105629,388551.66,388551660.0,97137.915
808,4/30/2024 10:15:00 AM,179105629,363746.69,363746690.0,90936.6725
809,4/30/2024 10:30:00 AM,179105629,392049.0,392049000.0,98012.25
810,4/30/2024 10:45:00 AM,179105629,433076.81,433076810.0,108269.2025
811,4/30/2024 11:00:00 AM,179105629,381128.66,381128660.0,95282.165
812,4/30/2024 11:15:00 AM,179105629,413845.56,413845560.0,103461.39
813,4/30/2024 11:30:00 AM,179105629,430462.31,430462310.0,107615.5775
814,4/30/2024 11:45:00 AM,179105629,409493.53,409493530.0,102373.3825
815,4/30/2024 12:00:00 PM,179105629,436150.44,436150440.0,109037.61
816,4/30/2024 12:15:00 AM,179105932,46627.77,46627770.0,11656.9425
817,4/30/2024 12:30:00 AM,179105932,44129.81,44129810.0,11032.4525
818,4/30/2024 12:45:00 AM,179105932,43231.41,43231410.0,10807.8525
819,4/30/2024 1:00:00 AM,179105932,43078.09,43078090.0,10769.5225
820,4/30/2024 1:15:00 AM,179105932,43141.71,43141710.0,10785.4275
821,4/30/2024 1:30:00 AM,179105932,44640.62,44640620.0,11160.155
822,4/30/2024 1:45:00 AM,179105932,45085.45,45085450.0,11271.3625
823,4/30/2024 2:00:00 AM,179105932,45836.1,45836100.0,11459.025
824,4/30/2024 2:15:00 AM,179105932,46431.89,46431890.0,11607.9725
825,4/30/2024 2:30:00 AM,179105932,44001.29,44001290.0,11000.3225
826,4/30/2024 2:45:00 AM,179105932,43834.75,43834750.0,10958.6875
827,4/30/2024 3:00:00 AM,179105932,42870.73,42870730.0,10717.6825
828,4/30/2024 3:15:00 AM,179105932,43844.99,43844990.0,10961.2475
829,4/30/2024 3:30:00 AM,179105932,44209.47,44209470.0,11052.3675
830,4/30/2024 3:45:00 AM,179105932,44858.99,44858990.0,11214.7475
831,4/30/2024 4:00:00 AM,179105932,44582.04,44582040.0,11145.51
832,4/30/2024 4:15:00 AM,179105932,44276.14,44276140.0,11069.035
833,4/30/2024 4:30:00 AM,179105932,43973.02,43973020.0,10993.255
834,4/30/2024 4:45:00 AM,179105932,43071.83,43071830.0,10767.9575
835,4/30/2024 5:00:00 AM,179105932,42076.72,42076720.0,10519.18
836,4/30/2024 5:15:00 AM,179105932,44685.48,44685480.0,11171.37
837,4/30/2024 5:30:00 AM,179105932,50960.98,50960980.0,12740.245
838,4/30/2024 5:45:00 AM,179105932,49263.54,49263540.0,12315.885
839,4/30/2024 6:00:00 AM,179105932,65308.08,65308080.0,16327.02
840,4/30/2024 6:15:00 AM,179105932,300281.53,300281530.0,75070.3825
841,4/30/2024 6:30:00 AM,179105932,260338.5,260338500.0,65084.625
842,4/30/2024 6:45:00 AM,179105932,167913.67,167913670.0,41978.4175
843,4/30/2024 7:00:00 AM,179105932,172948.72,172948720.0,43237.18
844,4/30/2024 7:15:00 AM,179105932,170664.19,170664190.0,42666.0475
845,4/30/2024 7:30:00 AM,179105932,169572.11,169572110.0,42393.0275
846,4/30/2024 7:45:00 AM,179105932,179386.08,179386080.0,44846.52
847,4/30/2024 8:00:00 AM,179105932,193286.69,193286690.0,48321.6725
848,4/30/2024 8:15:00 AM,179105932,195685.81,195685810.0,48921.4525
849,4/30/2024 8:30:00 AM,179105932,203835.28,203835280.0,50958.82
850,4/30/2024 8:45:00 AM,179105932,203745.97,203745970.0,50936.4925
851,4/30/2024 9:00:00 AM,179105932,219316.48,219316480.0,54829.12
852,4/30/2024 9:15:00 AM,179105932,213673.44,213673440.0,53418.36
853,4/30/2024 9:30:00 AM,179105932,213299.53,213299530.0,53324.8825
854,4/30/2024 9:45:00 AM,179105932,218301.23,218301230.0,54575.3075
855,4/30/2024 10:00:00 AM,179105932,221507.64,221507640.0,55376.91
856,4/30/2024 10:15:00 AM,179105932,221059.75,221059750.0,55264.9375
857,4/30/2024 10:30:00 AM,179105932,220129.2,220129200.0,55032.3
858,4/30/2024 10:45:00 AM,179105932,217380.95,217380950.0,54345.2375
859,4/30/2024 11:00:00 AM,179105932,221538.73,221538730.0,55384.6825
860,4/30/2024 11:15:00 AM,179105932,214223.52,214223520.0,53555.88
861,4/30/2024 11:30:00 AM,179105932,221295.59,221295590.0,55323.8975
862,4/30/2024 11:45:00 AM,179105932,221392.47,221392470.0,55348.1175
863,4/30/2024 12:00:00 PM,179105932,217094.39,217094390.0,54273.5975
864,4/30/2024 12:15:00 AM,179106226,10961.56,10961560.0,2740.39
865,4/30/2024 12:30:00 AM,179106226,10706.5,10706500.0,2676.625
866,4/30/2024 12:45:00 AM,179106226,11028.24,11028240.0,2757.06
867,4/30/2024 1:00:00 AM,179106226,10636.99,10636990.0,2659.2475
868,4/30/2024 1:15:00 AM,179106226,10838.35,10838350.0,2709.5875
869,4/30/2024 1:30:00 AM,179106226,10620.5,10620500.0,2655.125
870,4/30/2024 1:45:00 AM,179106226,10910.52,10910520.0,2727.63
871,4/30/2024 2:00:00 AM,179106226,11299.27,11299270.0,2824.8175
872,4/30/2024 2:15:00 AM,179106226,13606.55,13606550.0,3401.6375
873,4/30/2024 2:30:00 AM,179106226,10712.88,10712880.0,2678.22
874,4/30/2024 2:45:00 AM,179106226,10590.56,10590560.0,2647.64
875,4/30/2024 3:00:00 AM,179106226,11185.17,11185170.0,2796.2925
876,4/30/2024 3:15:00 AM,179106226,10774.12,10774120.0,2693.53
877,4/30/2024 3:30:00 AM,179106226,10783.49,10783490.0,2695.8725
878,4/30/2024 3:45:00 AM,179106226,10650.89,10650890.0,2662.7225
879,4/30/2024 4:00:00 AM,179106226,10324.67,10324670.0,2581.1675
880,4/30/2024 4:15:00 AM,179106226,10227.78,10227780.0,2556.945
881,4/30/2024 4:30:00 AM,179106226,10357.03,10357030.0,2589.2575
882,4/30/2024 4:45:00 AM,179106226,10667.0,10667000.0,2666.75
883,4/30/2024 5:00:00 AM,179106226,10165.14,10165140.0,2541.285
884,4/30/2024 5:15:00 AM,179106226,10481.08,10481080.0,2620.27
885,4/30/2024 5:30:00 AM,179106226,10296.79,10296790.0,2574.1975
886,4/30/2024 5:45:00 AM,179106226,10070.03,10070030.0,2517.5075
887,4/30/2024 6:00:00 AM,179106226,11765.09,11765090.0,2941.2725
888,4/30/2024 6:15:00 AM,179106226,12860.86,12860860.0,3215.215
889,4/30/2024 6:30:00 AM,179106226,22994.83,22994830.0,5748.7075
890,4/30/2024 6:45:00 AM,179106226,44766.26,44766260.0,11191.565
891,4/30/2024 7:00:00 AM,179106226,39641.07,39641070.0,9910.2675
892,4/30/2024 7:15:00 AM,179106226,32381.14,32381140.0,8095.285
893,4/30/2024 7:30:00 AM,179106226,26154.95,26154950.0,6538.7375
894,4/30/2024 7:45:00 AM,179106226,23906.66,23906660.0,5976.665
895,4/30/2024 8:00:00 AM,179106226,21983.8,21983800.0,5495.95
896,4/30/2024 8:15:00 AM,179106226,21567.79,21567790.0,5391.9475
897,4/30/2024 8:30:00 AM,179106226,22709.07,22709070.0,5677.2675
898,4/30/2024 8:45:00 AM,179106226,23093.05,23093050.0,5773.2625
899,4/30/2024 9:00:00 AM,179106226,26434.44,26434440.0,6608.61
900,4/30/2024 9:15:00 AM,179106226,27402.27,27402270.0,6850.5675
901,4/30/2024 9:30:00 AM,179106226,28296.74,28296740.0,7074.185
902,4/30/2024 9:45:00 AM,179106226,27822.74,27822740.0,6955.685
903,4/30/2024 10:00:00 AM,179106226,27942.15,27942150.0,6985.5375
904,4/30/2024 10:15:00 AM,179106226,28830.59,28830590.0,7207.6475
905,4/30/2024 10:30:00 AM,179106226,30493.13,30493130.0,7623.2825
906,4/30/2024 10:45:00 AM,179106226,29174.9,29174900.0,7293.725
907,4/30/2024 11:00:00 AM,179106226,27855.74,27855740.0,6963.935
908,4/30/2024 11:15:00 AM,179106226,29361.29,29361290.0,7340.3225
909,4/30/2024 11:30:00 AM,179106226,27416.13,27416130.0,6854.0325
910,4/30/2024 11:45:00 AM,179106226,27754.4,27754400.0,6938.6
911,4/30/2024 12:00:00 PM,179106226,27478.7,27478700.0,6869.675
912,4/30/2024 12:15:00 AM,179106933,,,
913,4/30/2024 12:30:00 AM,179106933,,,
914,4/30/2024 12:45:00 AM,179106933,,,
915,4/30/2024 1:00:00 AM,179106933,,,
916,4/30/2024 1:15:00 AM,179106933,,,
917,4/30/2024 1:30:00 AM,179106933,,,
918,4/30/2024 1:45:00 AM,179106933,,,
919,4/30/2024 2:00:00 AM,179106933,,,
920,4/30/2024 2:15:00 AM,179106933,,,
921,4/30/2024 2:30:00 AM,179106933,,,
922,4/30/2024 2:45:00 AM,179106933,,,
923,4/30/2024 3:00:00 AM,179106933,,,
924,4/30/2024 3:15:00 AM,179106933,,,
925,4/30/2024 3:30:00 AM,179106933,,,
926,4/30/2024 3:45:00 AM,179106933,,,
927,4/30/2024 4:00:00 AM,179106933,,,
928,4/30/2024 4:15:00 AM,179106933,,,
929,4/30/2024 4:30:00 AM,179106933,,,
930,4/30/2024 4:45:00 AM,179106933,,,
931,4/30/2024 5:00:00 AM,179106933,,,
932,4/30/2024 5:15:00 AM,179106933,,,
933,4/30/2024 5:30:00 AM,179106933,,,
934,4/30/2024 5:45:00 AM,179106933,,,
935,4/30/2024 6:00:00 AM,179106933,,,
936,4/30/2024 6:15:00 AM,179106933,,,
937,4/30/2024 6:30:00 AM,179106933,,,
938,4/30/2024 6:45:00 AM,179106933,,,
939,4/30/2024 7:00:00 AM,179106933,,,
940,4/30/2024 7:15:00 AM,179106933,,,
941,4/30/2024 7:30:00 AM,179106933,,,
942,4/30/2024 7:45:00 AM,179106933,,,
943,4/30/2024 8:00:00 AM,179106933,,,
944,4/30/2024 8:15:00 AM,179106933,,,
945,4/30/2024 8:30:00 AM,179106933,,,
946,4/30/2024 8:45:00 AM,179106933,,,
947,4/30/2024 9:00:00 AM,179106933,,,
948,4/30/2024 9:15:00 AM,179106933,,,
949,4/30/2024 9:30:00 AM,179106933,,,
950,4/30/2024 9:45:00 AM,179106933,,,
951,4/30/2024 10:00:00 AM,179106933,,,
952,4/30/2024 10:15:00 AM,179106933,,,
953,4/30/2024 10:30:00 AM,179106933,,,
954,4/30/2024 10:45:00 AM,179106933,,,
955,4/30/2024 11:00:00 AM,179106933,,,
956,4/30/2024 11:15:00 AM,179106933,,,
957,4/30/2024 11:30:00 AM,179106933,,,
958,4/30/2024 11:45:00 AM,179106933,,,
959,4/30/2024 12:00:00 PM,179106933,,,
960,4/30/2024 12:15:00 AM,179107328,70052.64,70052640.0,17513.16
961,4/30/2024 12:30:00 AM,179107328,67453.17,67453170.0,16863.2925
962,4/30/2024 12:45:00 AM,179107328,67129.92,67129920.0,16782.48
963,4/30/2024 1:00:00 AM,179107328,63883.78,63883780.0,15970.945
964,4/30/2024 1:15:00 AM,179107328,70307.19,70307190.0,17576.7975
965,4/30/2024 1:30:00 AM,179107328,63904.64,63904640.0,15976.16
966,4/30/2024 1:45:00 AM,179107328,66932.39,66932390.0,16733.0975
967,4/30/2024 2:00:00 AM,179107328,68587.93,68587930.0,17146.9825
968,4/30/2024 2:15:00 AM,179107328,70610.77,70610770.0,17652.6925
969,4/30/2024 2:30:00 AM,179107328,70101.57,70101570.0,17525.3925
970,4/30/2024 2:45:00 AM,179107328,67394.53,67394530.0,16848.6325
971,4/30/2024 3:00:00 AM,179107328,67739.62,67739620.0,16934.905
972,4/30/2024 3:15:00 AM,179107328,69691.35,69691350.0,17422.8375
973,4/30/2024 3:30:00 AM,179107328,70266.58,70266580.0,17566.645
974,4/30/2024 3:45:00 AM,179107328,70290.98,70290980.0,17572.745
975,4/30/2024 4:00:00 AM,179107328,70587.98,70587980.0,17646.995
976,4/30/2024 4:15:00 AM,179107328,70710.84,70710840.0,17677.71
977,4/30/2024 4:30:00 AM,179107328,70349.34,70349340.0,17587.335
978,4/30/2024 4:45:00 AM,179107328,69792.67,69792670.0,17448.1675
979,4/30/2024 5:00:00 AM,179107328,71047.92,71047920.0,17761.98
980,4/30/2024 5:15:00 AM,179107328,69965.78,69965780.0,17491.445
981,4/30/2024 5:30:00 AM,179107328,69564.13,69564130.0,17391.0325
982,4/30/2024 5:45:00 AM,179107328,69813.16,69813160.0,17453.29
983,4/30/2024 6:00:00 AM,179107328,70813.55,70813550.0,17703.3875
984,4/30/2024 6:15:00 AM,179107328,69346.78,69346780.0,17336.695
985,4/30/2024 6:30:00 AM,179107328,69602.44,69602440.0,17400.61
986,4/30/2024 6:45:00 AM,179107328,69469.55,69469550.0,17367.3875
987,4/30/2024 7:00:00 AM,179107328,70630.63,70630630.0,17657.6575
988,4/30/2024 7:15:00 AM,179107328,70879.72,70879720.0,17719.93
989,4/30/2024 7:30:00 AM,179107328,79138.55,79138550.0,19784.6375
990,4/30/2024 7:45:00 AM,179107328,80746.39,80746390.0,20186.5975
991,4/30/2024 8:00:00 AM,179107328,80094.16,80094160.0,20023.54
992,4/30/2024 8:15:00 AM,179107328,84152.34,84152340.0,21038.085
993,4/30/2024 8:30:00 AM,179107328,83436.2,83436200.0,20859.05
994,4/30/2024 8:45:00 AM,179107328,85569.59,85569590.0,21392.3975
995,4/30/2024 9:00:00 AM,179107328,83315.53,83315530.0,20828.8825
996,4/30/2024 9:15:00 AM,179107328,78618.13,78618130.0,19654.5325
997,4/30/2024 9:30:00 AM,179107328,82558.37,82558370.0,20639.5925
998,4/30/2024 9:45:00 AM,179107328,87761.02,87761020.0,21940.255
999,4/30/2024 10:00:00 AM,179107328,88074.95,88074950.0,22018.7375
1000,4/30/2024 10:15:00 AM,179107328,84976.18,84976180.0,21244.045
1001,4/30/2024 10:30:00 AM,179107328,87910.64,87910640.0,21977.66
1002,4/30/2024 10:45:00 AM,179107328,86313.03,86313030.0,21578.2575
1003,4/30/2024 11:00:00 AM,179107328,78758.45,78758450.0,19689.6125
1004,4/30/2024 11:15:00 AM,179107328,82793.01,82793010.0,20698.2525
1005,4/30/2024 11:30:00 AM,179107328,80210.96,80210960.0,20052.74
1006,4/30/2024 11:45:00 AM,179107328,79050.22,79050220.0,19762.555
1007,4/30/2024 12:00:00 PM,179107328,79103.89,79103890.0,19775.9725
1008,4/30/2024 12:15:00 AM,247822025,43767.05,43767050.0,10941.7625
1009,4/30/2024 12:30:00 AM,247822025,42310.59,42310590.0,10577.6475
1010,4/30/2024 12:45:00 AM,247822025,42187.13,42187130.0,10546.7825
1011,4/30/2024 1:00:00 AM,247822025,42766.21,42766210.0,10691.5525
1012,4/30/2024 1:15:00 AM,247822025,42297.0,42297000.0,10574.25
1013,4/30/2024 1:30:00 AM,247822025,42725.92,42725920.0,10681.48
1014,4/30/2024 1:45:00 AM,247822025,42411.43,42411430.0,10602.8575
1015,4/30/2024 2:00:00 AM,247822025,44039.76,44039760.0,11009.94
1016,4/30/2024 2:15:00 AM,247822025,22044.4,22044400.0,5511.1
1017,4/30/2024 2:30:00 AM,247822025,22284.72,22284720.0,5571.18
1018,4/30/2024 2:45:00 AM,247822025,21841.35,21841350.0,5460.3375
1019,4/30/2024 3:00:00 AM,247822025,21917.31,21917310.0,5479.3275
1020,4/30/2024 3:15:00 AM,247822025,21423.8,21423800.0,5355.95
1021,4/30/2024 3:30:00 AM,247822025,21293.13,21293130.0,5323.2825
1022,4/30/2024 3:45:00 AM,247822025,21438.93,21438930.0,5359.7325
1023,4/30/2024 4:00:00 AM,247822025,21048.84,21048840.0,5262.21
1024,4/30/2024 4:15:00 AM,247822025,19948.84,19948840.0,4987.21
1025,4/30/2024 4:30:00 AM,247822025,20299.97,20299970.0,5074.9925
1026,4/30/2024 4:45:00 AM,247822025,20043.79,20043790.0,5010.9475
1027,4/30/2024 5:00:00 AM,247822025,20024.62,20024620.0,5006.155
1028,4/30/2024 5:15:00 AM,247822025,19847.48,19847480.0,4961.87
1029,4/30/2024 5:30:00 AM,247822025,20114.85,20114850.0,5028.7125
1030,4/30/2024 5:45:00 AM,247822025,23804.41,23804410.0,5951.1025
1031,4/30/2024 6:00:00 AM,247822025,19971.36,19971360.0,4992.84
1032,4/30/2024 6:15:00 AM,247822025,24142.69,24142690.0,6035.6725
1033,4/30/2024 6:30:00 AM,247822025,20501.67,20501670.0,5125.4175
1034,4/30/2024 6:45:00 AM,247822025,24057.62,24057620.0,6014.405
1035,4/30/2024 7:00:00 AM,247822025,20100.69,20100690.0,5025.1725
1036,4/30/2024 7:15:00 AM,247822025,19959.04,19959040.0,4989.76
1037,4/30/2024 7:30:00 AM,247822025,20223.01,20223010.0,5055.7525
1038,4/30/2024 7:45:00 AM,247822025,20095.32,20095320.0,5023.83
1039,4/30/2024 8:00:00 AM,247822025,20015.94,20015940.0,5003.985
1040,4/30/2024 8:15:00 AM,247822025,20244.22,20244220.0,5061.055
1041,4/30/2024 8:30:00 AM,247822025,19853.87,19853870.0,4963.4675
1042,4/30/2024 8:45:00 AM,247822025,20288.81,20288810.0,5072.2025
1043,4/30/2024 9:00:00 AM,247822025,24889.07,24889070.0,6222.2675
1044,4/30/2024 9:15:00 AM,247822025,20551.66,20551660.0,5137.915
1045,4/30/2024 9:30:00 AM,247822025,22944.8,22944800.0,5736.2
1046,4/30/2024 9:45:00 AM,247822025,23060.22,23060220.0,5765.055
1047,4/30/2024 10:00:00 AM,247822025,25222.34,25222340.0,6305.585
1048,4/30/2024 10:15:00 AM,247822025,25623.12,25623120.0,6405.78
1049,4/30/2024 10:30:00 AM,247822025,24619.54,24619540.0,6154.885
1050,4/30/2024 10:45:00 AM,247822025,28654.57,28654570.0,7163.6425
1051,4/30/2024 11:00:00 AM,247822025,41706.17,41706170.0,10426.5425
1052,4/30/2024 11:15:00 AM,247822025,41433.77,41433770.0,10358.4425
1053,4/30/2024 11:30:00 AM,247822025,42621.2,42621200.0,10655.3
1054,4/30/2024 11:45:00 AM,247822025,42029.38,42029380.0,10507.345
1055,4/30/2024 12:00:00 PM,247822025,41843.09,41843090.0,10460.7725
